job_id,job_title,company,location,work_mode,job_category,date_posted,source_platform,skill,skill_group
J001,Data Analyst Intern,Astra Analytics,Kuala Lumpur,Hybrid,Data Analyst Intern,2026-05-02,LinkedIn,Excel,Technical/Tool
J001,Data Analyst Intern,Astra Analytics,Kuala Lumpur,Hybrid,Data Analyst Intern,2026-05-02,LinkedIn,Python,Technical/Tool
J001,Data Analyst Intern,Astra Analytics,Kuala Lumpur,Hybrid,Data Analyst Intern,2026-05-02,LinkedIn,SQL,Technical/Tool
J001,Data Analyst Intern,Astra Analytics,Kuala Lumpur,Hybrid,Data Analyst Intern,2026-05-02,LinkedIn,Tableau,Technical/Tool
J001,Data Analyst Intern,Astra Analytics,Kuala Lumpur,Hybrid,Data Analyst Intern,2026-05-02,LinkedIn,dashboard,Technical/Tool
J001,Data Analyst Intern,Astra Analytics,Kuala Lumpur,Hybrid,Data Analyst Intern,2026-05-02,LinkedIn,data cleaning,Technical/Tool
J001,Data Analyst Intern,Astra Analytics,Kuala Lumpur,Hybrid,Data Analyst Intern,2026-05-02,LinkedIn,reporting,Technical/Tool
J001,Data Analyst Intern,Astra Analytics,Kuala Lumpur,Hybrid,Data Analyst Intern,2026-05-02,LinkedIn,analytical thinking,Soft Skill
J001,Data Analyst Intern,Astra Analytics,Kuala Lumpur,Hybrid,Data Analyst Intern,2026-05-02,LinkedIn,communication,Soft Skill
J001,Data Analyst Intern,Astra Analytics,Kuala Lumpur,Hybrid,Data Analyst Intern,2026-05-02,LinkedIn,documentation,Soft Skill
J002,AI Research Intern,NeuraWorks Lab,Remote Malaysia,Remote,AI / Machine Learning Intern,2026-04-28,Company Careers,NLP,Technical/Tool
J002,AI Research Intern,NeuraWorks Lab,Remote Malaysia,Remote,AI / Machine Learning Intern,2026-04-28,Company Careers,Python,Technical/Tool
J002,AI Research Intern,NeuraWorks Lab,Remote Malaysia,Remote,AI / Machine Learning Intern,2026-04-28,Company Careers,machine learning,Technical/Tool
J002,AI Research Intern,NeuraWorks Lab,Remote Malaysia,Remote,AI / Machine Learning Intern,2026-04-28,Company Careers,pandas,Technical/Tool
J002,AI Research Intern,NeuraWorks Lab,Remote Malaysia,Remote,AI / Machine Learning Intern,2026-04-28,Company Careers,scikit-learn,Technical/Tool
J002,AI Research Intern,NeuraWorks Lab,Remote Malaysia,Remote,AI / Machine Learning Intern,2026-04-28,Company Careers,documentation,Soft Skill
J002,AI Research Intern,NeuraWorks Lab,Remote Malaysia,Remote,AI / Machine Learning Intern,2026-04-28,Company Careers,problem solving,Soft Skill
J002,AI Research Intern,NeuraWorks Lab,Remote Malaysia,Remote,AI / Machine Learning Intern,2026-04-28,Company Careers,teamwork,Soft Skill
J003,Business Analyst Intern,Meridian Retail Group,Petaling Jaya,On-site,Business Analyst Intern,2026-05-05,Indeed,Excel,Technical/Tool
J003,Business Analyst Intern,Meridian Retail Group,Petaling Jaya,On-site,Business Analyst Intern,2026-05-05,Indeed,Power BI,Technical/Tool
J003,Business Analyst Intern,Meridian Retail Group,Petaling Jaya,On-site,Business Analyst Intern,2026-05-05,Indeed,SQL,Technical/Tool
J003,Business Analyst Intern,Meridian Retail Group,Petaling Jaya,On-site,Business Analyst Intern,2026-05-05,Indeed,dashboard,Technical/Tool
J003,Business Analyst Intern,Meridian Retail Group,Petaling Jaya,On-site,Business Analyst Intern,2026-05-05,Indeed,reporting,Technical/Tool
J003,Business Analyst Intern,Meridian Retail Group,Petaling Jaya,On-site,Business Analyst Intern,2026-05-05,Indeed,requirements analysis,Technical/Tool
J003,Business Analyst Intern,Meridian Retail Group,Petaling Jaya,On-site,Business Analyst Intern,2026-05-05,Indeed,communication,Soft Skill
J003,Business Analyst Intern,Meridian Retail Group,Petaling Jaya,On-site,Business Analyst Intern,2026-05-05,Indeed,presentation,Soft Skill
J003,Business Analyst Intern,Meridian Retail Group,Petaling Jaya,On-site,Business Analyst Intern,2026-05-05,Indeed,stakeholder management,Soft Skill
J004,Product Analyst Intern,PulsePay,Kuala Lumpur,Hybrid,Product Analyst Intern,2026-05-06,LinkedIn,Excel,Technical/Tool
J004,Product Analyst Intern,PulsePay,Kuala Lumpur,Hybrid,Product Analyst Intern,2026-05-06,LinkedIn,Python,Technical/Tool
J004,Product Analyst Intern,PulsePay,Kuala Lumpur,Hybrid,Product Analyst Intern,2026-05-06,LinkedIn,SQL,Technical/Tool
J004,Product Analyst Intern,PulsePay,Kuala Lumpur,Hybrid,Product Analyst Intern,2026-05-06,LinkedIn,Tableau,Technical/Tool
J004,Product Analyst Intern,PulsePay,Kuala Lumpur,Hybrid,Product Analyst Intern,2026-05-06,LinkedIn,dashboard,Technical/Tool
J004,Product Analyst Intern,PulsePay,Kuala Lumpur,Hybrid,Product Analyst Intern,2026-05-06,LinkedIn,data visualization,Technical/Tool
J004,Product Analyst Intern,PulsePay,Kuala Lumpur,Hybrid,Product Analyst Intern,2026-05-06,LinkedIn,reporting,Technical/Tool
J004,Product Analyst Intern,PulsePay,Kuala Lumpur,Hybrid,Product Analyst Intern,2026-05-06,LinkedIn,analytical thinking,Soft Skill
J004,Product Analyst Intern,PulsePay,Kuala Lumpur,Hybrid,Product Analyst Intern,2026-05-06,LinkedIn,communication,Soft Skill
J004,Product Analyst Intern,PulsePay,Kuala Lumpur,Hybrid,Product Analyst Intern,2026-05-06,LinkedIn,presentation,Soft Skill
J005,Data Science Intern,FinSight AI,Cyberjaya,Hybrid,Data Science Intern,2026-04-22,Glassdoor,Python,Technical/Tool
J005,Data Science Intern,FinSight AI,Cyberjaya,Hybrid,Data Science Intern,2026-04-22,Glassdoor,data visualization,Technical/Tool
J005,Data Science Intern,FinSight AI,Cyberjaya,Hybrid,Data Science Intern,2026-04-22,Glassdoor,machine learning,Technical/Tool
J005,Data Science Intern,FinSight AI,Cyberjaya,Hybrid,Data Science Intern,2026-04-22,Glassdoor,pandas,Technical/Tool
J005,Data Science Intern,FinSight AI,Cyberjaya,Hybrid,Data Science Intern,2026-04-22,Glassdoor,scikit-learn,Technical/Tool
J005,Data Science Intern,FinSight AI,Cyberjaya,Hybrid,Data Science Intern,2026-04-22,Glassdoor,analytical thinking,Soft Skill
J005,Data Science Intern,FinSight AI,Cyberjaya,Hybrid,Data Science Intern,2026-04-22,Glassdoor,documentation,Soft Skill
J005,Data Science Intern,FinSight AI,Cyberjaya,Hybrid,Data Science Intern,2026-04-22,Glassdoor,problem solving,Soft Skill
J006,Analytics Intern,BrightCart,Singapore,Hybrid,Data Analyst Intern,2026-05-01,LinkedIn,Excel,Technical/Tool
J006,Analytics Intern,BrightCart,Singapore,Hybrid,Data Analyst Intern,2026-05-01,LinkedIn,SQL,Technical/Tool
J006,Analytics Intern,BrightCart,Singapore,Hybrid,Data Analyst Intern,2026-05-01,LinkedIn,Tableau,Technical/Tool
J006,Analytics Intern,BrightCart,Singapore,Hybrid,Data Analyst Intern,2026-05-01,LinkedIn,dashboard,Technical/Tool
J006,Analytics Intern,BrightCart,Singapore,Hybrid,Data Analyst Intern,2026-05-01,LinkedIn,data cleaning,Technical/Tool
J006,Analytics Intern,BrightCart,Singapore,Hybrid,Data Analyst Intern,2026-05-01,LinkedIn,reporting,Technical/Tool
J006,Analytics Intern,BrightCart,Singapore,Hybrid,Data Analyst Intern,2026-05-01,LinkedIn,communication,Soft Skill
J006,Analytics Intern,BrightCart,Singapore,Hybrid,Data Analyst Intern,2026-05-01,LinkedIn,presentation,Soft Skill
J006,Analytics Intern,BrightCart,Singapore,Hybrid,Data Analyst Intern,2026-05-01,LinkedIn,teamwork,Soft Skill
J007,Software Data Intern,CloudNest Solutions,Penang,On-site,Software Engineering Intern,2026-04-26,Company Careers,Firebase,Technical/Tool
J007,Software Data Intern,CloudNest Solutions,Penang,On-site,Software Engineering Intern,2026-04-26,Company Careers,Python,Technical/Tool
J007,Software Data Intern,CloudNest Solutions,Penang,On-site,Software Engineering Intern,2026-04-26,Company Careers,SQL,Technical/Tool
J007,Software Data Intern,CloudNest Solutions,Penang,On-site,Software Engineering Intern,2026-04-26,Company Careers,SQLite,Technical/Tool
J007,Software Data Intern,CloudNest Solutions,Penang,On-site,Software Engineering Intern,2026-04-26,Company Careers,data cleaning,Technical/Tool
J007,Software Data Intern,CloudNest Solutions,Penang,On-site,Software Engineering Intern,2026-04-26,Company Careers,documentation,Soft Skill
J007,Software Data Intern,CloudNest Solutions,Penang,On-site,Software Engineering Intern,2026-04-26,Company Careers,problem solving,Soft Skill
J007,Software Data Intern,CloudNest Solutions,Penang,On-site,Software Engineering Intern,2026-04-26,Company Careers,teamwork,Soft Skill
J008,Business Intelligence Intern,HarborFoods,Johor Bahru,On-site,Business Analyst Intern,2026-05-09,Indeed,Excel,Technical/Tool
J008,Business Intelligence Intern,HarborFoods,Johor Bahru,On-site,Business Analyst Intern,2026-05-09,Indeed,Power BI,Technical/Tool
J008,Business Intelligence Intern,HarborFoods,Johor Bahru,On-site,Business Analyst Intern,2026-05-09,Indeed,SQL,Technical/Tool
J008,Business Intelligence Intern,HarborFoods,Johor Bahru,On-site,Business Analyst Intern,2026-05-09,Indeed,dashboard,Technical/Tool
J008,Business Intelligence Intern,HarborFoods,Johor Bahru,On-site,Business Analyst Intern,2026-05-09,Indeed,data visualization,Technical/Tool
J008,Business Intelligence Intern,HarborFoods,Johor Bahru,On-site,Business Analyst Intern,2026-05-09,Indeed,reporting,Technical/Tool
J008,Business Intelligence Intern,HarborFoods,Johor Bahru,On-site,Business Analyst Intern,2026-05-09,Indeed,communication,Soft Skill
J008,Business Intelligence Intern,HarborFoods,Johor Bahru,On-site,Business Analyst Intern,2026-05-09,Indeed,presentation,Soft Skill
J008,Business Intelligence Intern,HarborFoods,Johor Bahru,On-site,Business Analyst Intern,2026-05-09,Indeed,stakeholder management,Soft Skill
J009,Machine Learning Intern,VisionByte,Kuala Lumpur,Hybrid,AI / Machine Learning Intern,2026-04-30,Wellfound,PyTorch,Technical/Tool
J009,Machine Learning Intern,VisionByte,Kuala Lumpur,Hybrid,AI / Machine Learning Intern,2026-04-30,Wellfound,Python,Technical/Tool
J009,Machine Learning Intern,VisionByte,Kuala Lumpur,Hybrid,AI / Machine Learning Intern,2026-04-30,Wellfound,computer vision,Technical/Tool
J009,Machine Learning Intern,VisionByte,Kuala Lumpur,Hybrid,AI / Machine Learning Intern,2026-04-30,Wellfound,deep learning,Technical/Tool
J009,Machine Learning Intern,VisionByte,Kuala Lumpur,Hybrid,AI / Machine Learning Intern,2026-04-30,Wellfound,machine learning,Technical/Tool
J009,Machine Learning Intern,VisionByte,Kuala Lumpur,Hybrid,AI / Machine Learning Intern,2026-04-30,Wellfound,documentation,Soft Skill
J009,Machine Learning Intern,VisionByte,Kuala Lumpur,Hybrid,AI / Machine Learning Intern,2026-04-30,Wellfound,problem solving,Soft Skill
J009,Machine Learning Intern,VisionByte,Kuala Lumpur,Hybrid,AI / Machine Learning Intern,2026-04-30,Wellfound,teamwork,Soft Skill
J010,Data Analyst Intern,EcoGrid Energy,Remote Malaysia,Remote,Data Analyst Intern,2026-05-04,Handshake,Excel,Technical/Tool
J010,Data Analyst Intern,EcoGrid Energy,Remote Malaysia,Remote,Data Analyst Intern,2026-05-04,Handshake,Python,Technical/Tool
J010,Data Analyst Intern,EcoGrid Energy,Remote Malaysia,Remote,Data Analyst Intern,2026-05-04,Handshake,SQL,Technical/Tool
J010,Data Analyst Intern,EcoGrid Energy,Remote Malaysia,Remote,Data Analyst Intern,2026-05-04,Handshake,dashboard,Technical/Tool
J010,Data Analyst Intern,EcoGrid Energy,Remote Malaysia,Remote,Data Analyst Intern,2026-05-04,Handshake,data visualization,Technical/Tool
J010,Data Analyst Intern,EcoGrid Energy,Remote Malaysia,Remote,Data Analyst Intern,2026-05-04,Handshake,reporting,Technical/Tool
J010,Data Analyst Intern,EcoGrid Energy,Remote Malaysia,Remote,Data Analyst Intern,2026-05-04,Handshake,analytical thinking,Soft Skill
J010,Data Analyst Intern,EcoGrid Energy,Remote Malaysia,Remote,Data Analyst Intern,2026-05-04,Handshake,communication,Soft Skill
J010,Data Analyst Intern,EcoGrid Energy,Remote Malaysia,Remote,Data Analyst Intern,2026-05-04,Handshake,documentation,Soft Skill
J011,Product Data Intern,ShopLynk,Kuala Lumpur,Hybrid,Product Analyst Intern,2026-05-10,LinkedIn,Looker,Technical/Tool
J011,Product Data Intern,ShopLynk,Kuala Lumpur,Hybrid,Product Analyst Intern,2026-05-10,LinkedIn,SQL,Technical/Tool
J011,Product Data Intern,ShopLynk,Kuala Lumpur,Hybrid,Product Analyst Intern,2026-05-10,LinkedIn,dashboard,Technical/Tool
J011,Product Data Intern,ShopLynk,Kuala Lumpur,Hybrid,Product Analyst Intern,2026-05-10,LinkedIn,data visualization,Technical/Tool
J011,Product Data Intern,ShopLynk,Kuala Lumpur,Hybrid,Product Analyst Intern,2026-05-10,LinkedIn,reporting,Technical/Tool
J011,Product Data Intern,ShopLynk,Kuala Lumpur,Hybrid,Product Analyst Intern,2026-05-10,LinkedIn,communication,Soft Skill
J011,Product Data Intern,ShopLynk,Kuala Lumpur,Hybrid,Product Analyst Intern,2026-05-10,LinkedIn,presentation,Soft Skill
J011,Product Data Intern,ShopLynk,Kuala Lumpur,Hybrid,Product Analyst Intern,2026-05-10,LinkedIn,stakeholder management,Soft Skill
J012,AI Intern,MedNexa Analytics,Selangor,Hybrid,AI / Machine Learning Intern,2026-04-25,Company Careers,NLP,Technical/Tool
J012,AI Intern,MedNexa Analytics,Selangor,Hybrid,AI / Machine Learning Intern,2026-04-25,Company Careers,Python,Technical/Tool
J012,AI Intern,MedNexa Analytics,Selangor,Hybrid,AI / Machine Learning Intern,2026-04-25,Company Careers,data cleaning,Technical/Tool
J012,AI Intern,MedNexa Analytics,Selangor,Hybrid,AI / Machine Learning Intern,2026-04-25,Company Careers,machine learning,Technical/Tool
J012,AI Intern,MedNexa Analytics,Selangor,Hybrid,AI / Machine Learning Intern,2026-04-25,Company Careers,scikit-learn,Technical/Tool
J012,AI Intern,MedNexa Analytics,Selangor,Hybrid,AI / Machine Learning Intern,2026-04-25,Company Careers,analytical thinking,Soft Skill
J012,AI Intern,MedNexa Analytics,Selangor,Hybrid,AI / Machine Learning Intern,2026-04-25,Company Careers,documentation,Soft Skill
J012,AI Intern,MedNexa Analytics,Selangor,Hybrid,AI / Machine Learning Intern,2026-04-25,Company Careers,problem solving,Soft Skill
J013,Data Reporting Intern,MetroFinance,Kuala Lumpur,On-site,Data Analyst Intern,2026-05-11,Indeed,Excel,Technical/Tool
J013,Data Reporting Intern,MetroFinance,Kuala Lumpur,On-site,Data Analyst Intern,2026-05-11,Indeed,SQL,Technical/Tool
J013,Data Reporting Intern,MetroFinance,Kuala Lumpur,On-site,Data Analyst Intern,2026-05-11,Indeed,Tableau,Technical/Tool
J013,Data Reporting Intern,MetroFinance,Kuala Lumpur,On-site,Data Analyst Intern,2026-05-11,Indeed,dashboard,Technical/Tool
J013,Data Reporting Intern,MetroFinance,Kuala Lumpur,On-site,Data Analyst Intern,2026-05-11,Indeed,data cleaning,Technical/Tool
J013,Data Reporting Intern,MetroFinance,Kuala Lumpur,On-site,Data Analyst Intern,2026-05-11,Indeed,reporting,Technical/Tool
J013,Data Reporting Intern,MetroFinance,Kuala Lumpur,On-site,Data Analyst Intern,2026-05-11,Indeed,communication,Soft Skill
J013,Data Reporting Intern,MetroFinance,Kuala Lumpur,On-site,Data Analyst Intern,2026-05-11,Indeed,documentation,Soft Skill
J013,Data Reporting Intern,MetroFinance,Kuala Lumpur,On-site,Data Analyst Intern,2026-05-11,Indeed,teamwork,Soft Skill
J014,Business Analyst Intern,NovaTel Digital,Cyberjaya,Hybrid,Business Analyst Intern,2026-05-03,LinkedIn,Excel,Technical/Tool
J014,Business Analyst Intern,NovaTel Digital,Cyberjaya,Hybrid,Business Analyst Intern,2026-05-03,LinkedIn,Power BI,Technical/Tool
J014,Business Analyst Intern,NovaTel Digital,Cyberjaya,Hybrid,Business Analyst Intern,2026-05-03,LinkedIn,SQL,Technical/Tool
J014,Business Analyst Intern,NovaTel Digital,Cyberjaya,Hybrid,Business Analyst Intern,2026-05-03,LinkedIn,dashboard,Technical/Tool
J014,Business Analyst Intern,NovaTel Digital,Cyberjaya,Hybrid,Business Analyst Intern,2026-05-03,LinkedIn,reporting,Technical/Tool
J014,Business Analyst Intern,NovaTel Digital,Cyberjaya,Hybrid,Business Analyst Intern,2026-05-03,LinkedIn,communication,Soft Skill
J014,Business Analyst Intern,NovaTel Digital,Cyberjaya,Hybrid,Business Analyst Intern,2026-05-03,LinkedIn,documentation,Soft Skill
J014,Business Analyst Intern,NovaTel Digital,Cyberjaya,Hybrid,Business Analyst Intern,2026-05-03,LinkedIn,stakeholder management,Soft Skill
J015,Data Engineering Intern,RiverByte Tech,Remote Malaysia,Remote,Software Engineering Intern,2026-04-20,Company Careers,AWS,Technical/Tool
J015,Data Engineering Intern,RiverByte Tech,Remote Malaysia,Remote,Software Engineering Intern,2026-04-20,Company Careers,PostgreSQL,Technical/Tool
J015,Data Engineering Intern,RiverByte Tech,Remote Malaysia,Remote,Software Engineering Intern,2026-04-20,Company Careers,Python,Technical/Tool
J015,Data Engineering Intern,RiverByte Tech,Remote Malaysia,Remote,Software Engineering Intern,2026-04-20,Company Careers,SQL,Technical/Tool
J015,Data Engineering Intern,RiverByte Tech,Remote Malaysia,Remote,Software Engineering Intern,2026-04-20,Company Careers,data cleaning,Technical/Tool
J015,Data Engineering Intern,RiverByte Tech,Remote Malaysia,Remote,Software Engineering Intern,2026-04-20,Company Careers,documentation,Soft Skill
J015,Data Engineering Intern,RiverByte Tech,Remote Malaysia,Remote,Software Engineering Intern,2026-04-20,Company Careers,problem solving,Soft Skill
J015,Data Engineering Intern,RiverByte Tech,Remote Malaysia,Remote,Software Engineering Intern,2026-04-20,Company Careers,teamwork,Soft Skill
J016,Growth Analyst Intern,LoopMarket,Singapore,Hybrid,Product Analyst Intern,2026-05-08,Wellfound,Excel,Technical/Tool
J016,Growth Analyst Intern,LoopMarket,Singapore,Hybrid,Product Analyst Intern,2026-05-08,Wellfound,Google Data Studio,Technical/Tool
J016,Growth Analyst Intern,LoopMarket,Singapore,Hybrid,Product Analyst Intern,2026-05-08,Wellfound,SQL,Technical/Tool
J016,Growth Analyst Intern,LoopMarket,Singapore,Hybrid,Product Analyst Intern,2026-05-08,Wellfound,dashboard,Technical/Tool
J016,Growth Analyst Intern,LoopMarket,Singapore,Hybrid,Product Analyst Intern,2026-05-08,Wellfound,data visualization,Technical/Tool
J016,Growth Analyst Intern,LoopMarket,Singapore,Hybrid,Product Analyst Intern,2026-05-08,Wellfound,reporting,Technical/Tool
J016,Growth Analyst Intern,LoopMarket,Singapore,Hybrid,Product Analyst Intern,2026-05-08,Wellfound,analytical thinking,Soft Skill
J016,Growth Analyst Intern,LoopMarket,Singapore,Hybrid,Product Analyst Intern,2026-05-08,Wellfound,communication,Soft Skill
J016,Growth Analyst Intern,LoopMarket,Singapore,Hybrid,Product Analyst Intern,2026-05-08,Wellfound,presentation,Soft Skill
J017,Junior AI Intern,EduMind Labs,Kuala Lumpur,On-site,AI / Machine Learning Intern,2026-04-18,LinkedIn,Python,Technical/Tool
J017,Junior AI Intern,EduMind Labs,Kuala Lumpur,On-site,AI / Machine Learning Intern,2026-04-18,LinkedIn,TensorFlow,Technical/Tool
J017,Junior AI Intern,EduMind Labs,Kuala Lumpur,On-site,AI / Machine Learning Intern,2026-04-18,LinkedIn,data visualization,Technical/Tool
J017,Junior AI Intern,EduMind Labs,Kuala Lumpur,On-site,AI / Machine Learning Intern,2026-04-18,LinkedIn,deep learning,Technical/Tool
J017,Junior AI Intern,EduMind Labs,Kuala Lumpur,On-site,AI / Machine Learning Intern,2026-04-18,LinkedIn,machine learning,Technical/Tool
J017,Junior AI Intern,EduMind Labs,Kuala Lumpur,On-site,AI / Machine Learning Intern,2026-04-18,LinkedIn,documentation,Soft Skill
J017,Junior AI Intern,EduMind Labs,Kuala Lumpur,On-site,AI / Machine Learning Intern,2026-04-18,LinkedIn,presentation,Soft Skill
J017,Junior AI Intern,EduMind Labs,Kuala Lumpur,On-site,AI / Machine Learning Intern,2026-04-18,LinkedIn,problem solving,Soft Skill
J018,Data Analyst Intern,HealthBridge,Penang,Hybrid,Data Analyst Intern,2026-05-12,Glassdoor,Excel,Technical/Tool
J018,Data Analyst Intern,HealthBridge,Penang,Hybrid,Data Analyst Intern,2026-05-12,Glassdoor,Python,Technical/Tool
J018,Data Analyst Intern,HealthBridge,Penang,Hybrid,Data Analyst Intern,2026-05-12,Glassdoor,SQL,Technical/Tool
J018,Data Analyst Intern,HealthBridge,Penang,Hybrid,Data Analyst Intern,2026-05-12,Glassdoor,dashboard,Technical/Tool
J018,Data Analyst Intern,HealthBridge,Penang,Hybrid,Data Analyst Intern,2026-05-12,Glassdoor,data cleaning,Technical/Tool
J018,Data Analyst Intern,HealthBridge,Penang,Hybrid,Data Analyst Intern,2026-05-12,Glassdoor,pandas,Technical/Tool
J018,Data Analyst Intern,HealthBridge,Penang,Hybrid,Data Analyst Intern,2026-05-12,Glassdoor,reporting,Technical/Tool
J018,Data Analyst Intern,HealthBridge,Penang,Hybrid,Data Analyst Intern,2026-05-12,Glassdoor,analytical thinking,Soft Skill
J018,Data Analyst Intern,HealthBridge,Penang,Hybrid,Data Analyst Intern,2026-05-12,Glassdoor,communication,Soft Skill
J018,Data Analyst Intern,HealthBridge,Penang,Hybrid,Data Analyst Intern,2026-05-12,Glassdoor,teamwork,Soft Skill
J019,Operations Business Analyst Intern,SwiftMove Logistics,Shah Alam,On-site,Business Analyst Intern,2026-05-07,Indeed,Excel,Technical/Tool
J019,Operations Business Analyst Intern,SwiftMove Logistics,Shah Alam,On-site,Business Analyst Intern,2026-05-07,Indeed,Power BI,Technical/Tool
J019,Operations Business Analyst Intern,SwiftMove Logistics,Shah Alam,On-site,Business Analyst Intern,2026-05-07,Indeed,data visualization,Technical/Tool
J019,Operations Business Analyst Intern,SwiftMove Logistics,Shah Alam,On-site,Business Analyst Intern,2026-05-07,Indeed,reporting,Technical/Tool
J019,Operations Business Analyst Intern,SwiftMove Logistics,Shah Alam,On-site,Business Analyst Intern,2026-05-07,Indeed,presentation,Soft Skill
J019,Operations Business Analyst Intern,SwiftMove Logistics,Shah Alam,On-site,Business Analyst Intern,2026-05-07,Indeed,problem solving,Soft Skill
J019,Operations Business Analyst Intern,SwiftMove Logistics,Shah Alam,On-site,Business Analyst Intern,2026-05-07,Indeed,stakeholder management,Soft Skill
J020,Product Analyst Intern,GameSpark Studio,Remote Malaysia,Remote,Product Analyst Intern,2026-04-29,Wellfound,Excel,Technical/Tool
J020,Product Analyst Intern,GameSpark Studio,Remote Malaysia,Remote,Product Analyst Intern,2026-04-29,Wellfound,Python,Technical/Tool
J020,Product Analyst Intern,GameSpark Studio,Remote Malaysia,Remote,Product Analyst Intern,2026-04-29,Wellfound,SQL,Technical/Tool
J020,Product Analyst Intern,GameSpark Studio,Remote Malaysia,Remote,Product Analyst Intern,2026-04-29,Wellfound,Tableau,Technical/Tool
J020,Product Analyst Intern,GameSpark Studio,Remote Malaysia,Remote,Product Analyst Intern,2026-04-29,Wellfound,dashboard,Technical/Tool
J020,Product Analyst Intern,GameSpark Studio,Remote Malaysia,Remote,Product Analyst Intern,2026-04-29,Wellfound,data visualization,Technical/Tool
J020,Product Analyst Intern,GameSpark Studio,Remote Malaysia,Remote,Product Analyst Intern,2026-04-29,Wellfound,game development,Technical/Tool
J020,Product Analyst Intern,GameSpark Studio,Remote Malaysia,Remote,Product Analyst Intern,2026-04-29,Wellfound,reporting,Technical/Tool
J020,Product Analyst Intern,GameSpark Studio,Remote Malaysia,Remote,Product Analyst Intern,2026-04-29,Wellfound,analytical thinking,Soft Skill
J020,Product Analyst Intern,GameSpark Studio,Remote Malaysia,Remote,Product Analyst Intern,2026-04-29,Wellfound,communication,Soft Skill
J020,Product Analyst Intern,GameSpark Studio,Remote Malaysia,Remote,Product Analyst Intern,2026-04-29,Wellfound,presentation,Soft Skill
J021,Computer Vision Intern,AgriSense AI,Selangor,Hybrid,AI / Machine Learning Intern,2026-05-13,Company Careers,PyTorch,Technical/Tool
J021,Computer Vision Intern,AgriSense AI,Selangor,Hybrid,AI / Machine Learning Intern,2026-05-13,Company Careers,Python,Technical/Tool
J021,Computer Vision Intern,AgriSense AI,Selangor,Hybrid,AI / Machine Learning Intern,2026-05-13,Company Careers,computer vision,Technical/Tool
J021,Computer Vision Intern,AgriSense AI,Selangor,Hybrid,AI / Machine Learning Intern,2026-05-13,Company Careers,deep learning,Technical/Tool
J021,Computer Vision Intern,AgriSense AI,Selangor,Hybrid,AI / Machine Learning Intern,2026-05-13,Company Careers,machine learning,Technical/Tool
J021,Computer Vision Intern,AgriSense AI,Selangor,Hybrid,AI / Machine Learning Intern,2026-05-13,Company Careers,documentation,Soft Skill
J021,Computer Vision Intern,AgriSense AI,Selangor,Hybrid,AI / Machine Learning Intern,2026-05-13,Company Careers,problem solving,Soft Skill
J021,Computer Vision Intern,AgriSense AI,Selangor,Hybrid,AI / Machine Learning Intern,2026-05-13,Company Careers,teamwork,Soft Skill
J022,Data Analytics Intern,BluePeak Consulting,Kuala Lumpur,Hybrid,Data Analyst Intern,2026-05-14,LinkedIn,Python,Technical/Tool
J022,Data Analytics Intern,BluePeak Consulting,Kuala Lumpur,Hybrid,Data Analyst Intern,2026-05-14,LinkedIn,Tableau,Technical/Tool
J022,Data Analytics Intern,BluePeak Consulting,Kuala Lumpur,Hybrid,Data Analyst Intern,2026-05-14,LinkedIn,data cleaning,Technical/Tool
J022,Data Analytics Intern,BluePeak Consulting,Kuala Lumpur,Hybrid,Data Analyst Intern,2026-05-14,LinkedIn,pandas,Technical/Tool
J022,Data Analytics Intern,BluePeak Consulting,Kuala Lumpur,Hybrid,Data Analyst Intern,2026-05-14,LinkedIn,reporting,Technical/Tool
J022,Data Analytics Intern,BluePeak Consulting,Kuala Lumpur,Hybrid,Data Analyst Intern,2026-05-14,LinkedIn,communication,Soft Skill
J022,Data Analytics Intern,BluePeak Consulting,Kuala Lumpur,Hybrid,Data Analyst Intern,2026-05-14,LinkedIn,documentation,Soft Skill
J022,Data Analytics Intern,BluePeak Consulting,Kuala Lumpur,Hybrid,Data Analyst Intern,2026-05-14,LinkedIn,presentation,Soft Skill
J023,BI Analyst Intern,Parklane Hotels,Kuala Lumpur,On-site,Business Analyst Intern,2026-04-24,Indeed,Excel,Technical/Tool
J023,BI Analyst Intern,Parklane Hotels,Kuala Lumpur,On-site,Business Analyst Intern,2026-04-24,Indeed,Google Data Studio,Technical/Tool
J023,BI Analyst Intern,Parklane Hotels,Kuala Lumpur,On-site,Business Analyst Intern,2026-04-24,Indeed,Looker,Technical/Tool
J023,BI Analyst Intern,Parklane Hotels,Kuala Lumpur,On-site,Business Analyst Intern,2026-04-24,Indeed,SQL,Technical/Tool
J023,BI Analyst Intern,Parklane Hotels,Kuala Lumpur,On-site,Business Analyst Intern,2026-04-24,Indeed,dashboard,Technical/Tool
J023,BI Analyst Intern,Parklane Hotels,Kuala Lumpur,On-site,Business Analyst Intern,2026-04-24,Indeed,reporting,Technical/Tool
J023,BI Analyst Intern,Parklane Hotels,Kuala Lumpur,On-site,Business Analyst Intern,2026-04-24,Indeed,communication,Soft Skill
J023,BI Analyst Intern,Parklane Hotels,Kuala Lumpur,On-site,Business Analyst Intern,2026-04-24,Indeed,stakeholder management,Soft Skill
J023,BI Analyst Intern,Parklane Hotels,Kuala Lumpur,On-site,Business Analyst Intern,2026-04-24,Indeed,teamwork,Soft Skill
J024,Data Quality Intern,CrediCore,Cyberjaya,Hybrid,Software Engineering Intern,2026-05-15,Company Careers,Excel,Technical/Tool
J024,Data Quality Intern,CrediCore,Cyberjaya,Hybrid,Software Engineering Intern,2026-05-15,Company Careers,MySQL,Technical/Tool
J024,Data Quality Intern,CrediCore,Cyberjaya,Hybrid,Software Engineering Intern,2026-05-15,Company Careers,Python,Technical/Tool
J024,Data Quality Intern,CrediCore,Cyberjaya,Hybrid,Software Engineering Intern,2026-05-15,Company Careers,SQL,Technical/Tool
J024,Data Quality Intern,CrediCore,Cyberjaya,Hybrid,Software Engineering Intern,2026-05-15,Company Careers,data cleaning,Technical/Tool
J024,Data Quality Intern,CrediCore,Cyberjaya,Hybrid,Software Engineering Intern,2026-05-15,Company Careers,reporting,Technical/Tool
J024,Data Quality Intern,CrediCore,Cyberjaya,Hybrid,Software Engineering Intern,2026-05-15,Company Careers,documentation,Soft Skill
J024,Data Quality Intern,CrediCore,Cyberjaya,Hybrid,Software Engineering Intern,2026-05-15,Company Careers,problem solving,Soft Skill
J024,Data Quality Intern,CrediCore,Cyberjaya,Hybrid,Software Engineering Intern,2026-05-15,Company Careers,teamwork,Soft Skill
J025,NLP Intern,LinguaTech AI,Remote Malaysia,Remote,AI / Machine Learning Intern,2026-05-16,Wellfound,NLP,Technical/Tool
J025,NLP Intern,LinguaTech AI,Remote Malaysia,Remote,AI / Machine Learning Intern,2026-05-16,Wellfound,Python,Technical/Tool
J025,NLP Intern,LinguaTech AI,Remote Malaysia,Remote,AI / Machine Learning Intern,2026-05-16,Wellfound,data cleaning,Technical/Tool
J025,NLP Intern,LinguaTech AI,Remote Malaysia,Remote,AI / Machine Learning Intern,2026-05-16,Wellfound,machine learning,Technical/Tool
J025,NLP Intern,LinguaTech AI,Remote Malaysia,Remote,AI / Machine Learning Intern,2026-05-16,Wellfound,pandas,Technical/Tool
J025,NLP Intern,LinguaTech AI,Remote Malaysia,Remote,AI / Machine Learning Intern,2026-05-16,Wellfound,scikit-learn,Technical/Tool
J025,NLP Intern,LinguaTech AI,Remote Malaysia,Remote,AI / Machine Learning Intern,2026-05-16,Wellfound,analytical thinking,Soft Skill
J025,NLP Intern,LinguaTech AI,Remote Malaysia,Remote,AI / Machine Learning Intern,2026-05-16,Wellfound,documentation,Soft Skill
J025,NLP Intern,LinguaTech AI,Remote Malaysia,Remote,AI / Machine Learning Intern,2026-05-16,Wellfound,problem solving,Soft Skill
J026,Product Analytics Intern,PayBridge,Kuala Lumpur,Hybrid,Data Analyst Intern,2026-04-23,LinkedIn,SQL,Technical/Tool
J026,Product Analytics Intern,PayBridge,Kuala Lumpur,Hybrid,Data Analyst Intern,2026-04-23,LinkedIn,Tableau,Technical/Tool
J026,Product Analytics Intern,PayBridge,Kuala Lumpur,Hybrid,Data Analyst Intern,2026-04-23,LinkedIn,dashboard,Technical/Tool
J026,Product Analytics Intern,PayBridge,Kuala Lumpur,Hybrid,Data Analyst Intern,2026-04-23,LinkedIn,data visualization,Technical/Tool
J026,Product Analytics Intern,PayBridge,Kuala Lumpur,Hybrid,Data Analyst Intern,2026-04-23,LinkedIn,reporting,Technical/Tool
J026,Product Analytics Intern,PayBridge,Kuala Lumpur,Hybrid,Data Analyst Intern,2026-04-23,LinkedIn,communication,Soft Skill
J026,Product Analytics Intern,PayBridge,Kuala Lumpur,Hybrid,Data Analyst Intern,2026-04-23,LinkedIn,presentation,Soft Skill
J026,Product Analytics Intern,PayBridge,Kuala Lumpur,Hybrid,Data Analyst Intern,2026-04-23,LinkedIn,stakeholder management,Soft Skill
J027,Data Analyst Intern,GreenLeaf Commerce,Selangor,Hybrid,Data Analyst Intern,2026-05-17,Indeed,Excel,Technical/Tool
J027,Data Analyst Intern,GreenLeaf Commerce,Selangor,Hybrid,Data Analyst Intern,2026-05-17,Indeed,Power BI,Technical/Tool
J027,Data Analyst Intern,GreenLeaf Commerce,Selangor,Hybrid,Data Analyst Intern,2026-05-17,Indeed,SQL,Technical/Tool
J027,Data Analyst Intern,GreenLeaf Commerce,Selangor,Hybrid,Data Analyst Intern,2026-05-17,Indeed,dashboard,Technical/Tool
J027,Data Analyst Intern,GreenLeaf Commerce,Selangor,Hybrid,Data Analyst Intern,2026-05-17,Indeed,data cleaning,Technical/Tool
J027,Data Analyst Intern,GreenLeaf Commerce,Selangor,Hybrid,Data Analyst Intern,2026-05-17,Indeed,reporting,Technical/Tool
J027,Data Analyst Intern,GreenLeaf Commerce,Selangor,Hybrid,Data Analyst Intern,2026-05-17,Indeed,analytical thinking,Soft Skill
J027,Data Analyst Intern,GreenLeaf Commerce,Selangor,Hybrid,Data Analyst Intern,2026-05-17,Indeed,communication,Soft Skill
J027,Data Analyst Intern,GreenLeaf Commerce,Selangor,Hybrid,Data Analyst Intern,2026-05-17,Indeed,teamwork,Soft Skill
J028,AI Product Intern,VoiceFlow Systems,Singapore,Hybrid,Product Analyst Intern,2026-05-18,Company Careers,Excel,Technical/Tool
J028,AI Product Intern,VoiceFlow Systems,Singapore,Hybrid,Product Analyst Intern,2026-05-18,Company Careers,Looker,Technical/Tool
J028,AI Product Intern,VoiceFlow Systems,Singapore,Hybrid,Product Analyst Intern,2026-05-18,Company Careers,NLP,Technical/Tool
J028,AI Product Intern,VoiceFlow Systems,Singapore,Hybrid,Product Analyst Intern,2026-05-18,Company Careers,SQL,Technical/Tool
J028,AI Product Intern,VoiceFlow Systems,Singapore,Hybrid,Product Analyst Intern,2026-05-18,Company Careers,dashboard,Technical/Tool
J028,AI Product Intern,VoiceFlow Systems,Singapore,Hybrid,Product Analyst Intern,2026-05-18,Company Careers,machine learning,Technical/Tool
J028,AI Product Intern,VoiceFlow Systems,Singapore,Hybrid,Product Analyst Intern,2026-05-18,Company Careers,reporting,Technical/Tool
J028,AI Product Intern,VoiceFlow Systems,Singapore,Hybrid,Product Analyst Intern,2026-05-18,Company Careers,communication,Soft Skill
J028,AI Product Intern,VoiceFlow Systems,Singapore,Hybrid,Product Analyst Intern,2026-05-18,Company Careers,presentation,Soft Skill
J028,AI Product Intern,VoiceFlow Systems,Singapore,Hybrid,Product Analyst Intern,2026-05-18,Company Careers,stakeholder management,Soft Skill
J029,Analytics Engineering Intern,NorthStar Data,Remote Malaysia,Remote,Data Analyst Intern,2026-04-21,LinkedIn,PostgreSQL,Technical/Tool
J029,Analytics Engineering Intern,NorthStar Data,Remote Malaysia,Remote,Data Analyst Intern,2026-04-21,LinkedIn,SQL,Technical/Tool
J029,Analytics Engineering Intern,NorthStar Data,Remote Malaysia,Remote,Data Analyst Intern,2026-04-21,LinkedIn,Tableau,Technical/Tool
J029,Analytics Engineering Intern,NorthStar Data,Remote Malaysia,Remote,Data Analyst Intern,2026-04-21,LinkedIn,dashboard,Technical/Tool
J029,Analytics Engineering Intern,NorthStar Data,Remote Malaysia,Remote,Data Analyst Intern,2026-04-21,LinkedIn,data cleaning,Technical/Tool
J029,Analytics Engineering Intern,NorthStar Data,Remote Malaysia,Remote,Data Analyst Intern,2026-04-21,LinkedIn,reporting,Technical/Tool
J029,Analytics Engineering Intern,NorthStar Data,Remote Malaysia,Remote,Data Analyst Intern,2026-04-21,LinkedIn,documentation,Soft Skill
J029,Analytics Engineering Intern,NorthStar Data,Remote Malaysia,Remote,Data Analyst Intern,2026-04-21,LinkedIn,problem solving,Soft Skill
J029,Analytics Engineering Intern,NorthStar Data,Remote Malaysia,Remote,Data Analyst Intern,2026-04-21,LinkedIn,teamwork,Soft Skill
J030,Business Analyst Intern,Silverline Insurance,Kuala Lumpur,On-site,Business Analyst Intern,2026-05-19,Glassdoor,Excel,Technical/Tool
J030,Business Analyst Intern,Silverline Insurance,Kuala Lumpur,On-site,Business Analyst Intern,2026-05-19,Glassdoor,Power BI,Technical/Tool
J030,Business Analyst Intern,Silverline Insurance,Kuala Lumpur,On-site,Business Analyst Intern,2026-05-19,Glassdoor,SQL,Technical/Tool
J030,Business Analyst Intern,Silverline Insurance,Kuala Lumpur,On-site,Business Analyst Intern,2026-05-19,Glassdoor,dashboard,Technical/Tool
J030,Business Analyst Intern,Silverline Insurance,Kuala Lumpur,On-site,Business Analyst Intern,2026-05-19,Glassdoor,data visualization,Technical/Tool
J030,Business Analyst Intern,Silverline Insurance,Kuala Lumpur,On-site,Business Analyst Intern,2026-05-19,Glassdoor,reporting,Technical/Tool
J030,Business Analyst Intern,Silverline Insurance,Kuala Lumpur,On-site,Business Analyst Intern,2026-05-19,Glassdoor,communication,Soft Skill
J030,Business Analyst Intern,Silverline Insurance,Kuala Lumpur,On-site,Business Analyst Intern,2026-05-19,Glassdoor,presentation,Soft Skill
J030,Business Analyst Intern,Silverline Insurance,Kuala Lumpur,On-site,Business Analyst Intern,2026-05-19,Glassdoor,stakeholder management,Soft Skill
J031,Data Visualization Intern,CityPulse Media,Petaling Jaya,Hybrid,Data Analyst Intern,2026-05-20,LinkedIn,Excel,Technical/Tool
J031,Data Visualization Intern,CityPulse Media,Petaling Jaya,Hybrid,Data Analyst Intern,2026-05-20,LinkedIn,Tableau,Technical/Tool
J031,Data Visualization Intern,CityPulse Media,Petaling Jaya,Hybrid,Data Analyst Intern,2026-05-20,LinkedIn,dashboard,Technical/Tool
J031,Data Visualization Intern,CityPulse Media,Petaling Jaya,Hybrid,Data Analyst Intern,2026-05-20,LinkedIn,data cleaning,Technical/Tool
J031,Data Visualization Intern,CityPulse Media,Petaling Jaya,Hybrid,Data Analyst Intern,2026-05-20,LinkedIn,data visualization,Technical/Tool
J031,Data Visualization Intern,CityPulse Media,Petaling Jaya,Hybrid,Data Analyst Intern,2026-05-20,LinkedIn,reporting,Technical/Tool
J031,Data Visualization Intern,CityPulse Media,Petaling Jaya,Hybrid,Data Analyst Intern,2026-05-20,LinkedIn,analytical thinking,Soft Skill
J031,Data Visualization Intern,CityPulse Media,Petaling Jaya,Hybrid,Data Analyst Intern,2026-05-20,LinkedIn,communication,Soft Skill
J031,Data Visualization Intern,CityPulse Media,Petaling Jaya,Hybrid,Data Analyst Intern,2026-05-20,LinkedIn,presentation,Soft Skill
J032,Machine Learning Operations Intern,ModelCraft,Cyberjaya,Hybrid,AI / Machine Learning Intern,2026-04-27,Company Careers,Azure,Technical/Tool
J032,Machine Learning Operations Intern,ModelCraft,Cyberjaya,Hybrid,AI / Machine Learning Intern,2026-04-27,Company Careers,Python,Technical/Tool
J032,Machine Learning Operations Intern,ModelCraft,Cyberjaya,Hybrid,AI / Machine Learning Intern,2026-04-27,Company Careers,machine learning,Technical/Tool
J032,Machine Learning Operations Intern,ModelCraft,Cyberjaya,Hybrid,AI / Machine Learning Intern,2026-04-27,Company Careers,reporting,Technical/Tool
J032,Machine Learning Operations Intern,ModelCraft,Cyberjaya,Hybrid,AI / Machine Learning Intern,2026-04-27,Company Careers,scikit-learn,Technical/Tool
J032,Machine Learning Operations Intern,ModelCraft,Cyberjaya,Hybrid,AI / Machine Learning Intern,2026-04-27,Company Careers,documentation,Soft Skill
J032,Machine Learning Operations Intern,ModelCraft,Cyberjaya,Hybrid,AI / Machine Learning Intern,2026-04-27,Company Careers,problem solving,Soft Skill
J032,Machine Learning Operations Intern,ModelCraft,Cyberjaya,Hybrid,AI / Machine Learning Intern,2026-04-27,Company Careers,teamwork,Soft Skill
J033,Finance Data Intern,AtlasBank,Kuala Lumpur,On-site,Data Analyst Intern,2026-05-02,Indeed,Excel,Technical/Tool
J033,Finance Data Intern,AtlasBank,Kuala Lumpur,On-site,Data Analyst Intern,2026-05-02,Indeed,Power BI,Technical/Tool
J033,Finance Data Intern,AtlasBank,Kuala Lumpur,On-site,Data Analyst Intern,2026-05-02,Indeed,SQL,Technical/Tool
J033,Finance Data Intern,AtlasBank,Kuala Lumpur,On-site,Data Analyst Intern,2026-05-02,Indeed,dashboard,Technical/Tool
J033,Finance Data Intern,AtlasBank,Kuala Lumpur,On-site,Data Analyst Intern,2026-05-02,Indeed,data cleaning,Technical/Tool
J033,Finance Data Intern,AtlasBank,Kuala Lumpur,On-site,Data Analyst Intern,2026-05-02,Indeed,reporting,Technical/Tool
J033,Finance Data Intern,AtlasBank,Kuala Lumpur,On-site,Data Analyst Intern,2026-05-02,Indeed,analytical thinking,Soft Skill
J033,Finance Data Intern,AtlasBank,Kuala Lumpur,On-site,Data Analyst Intern,2026-05-02,Indeed,communication,Soft Skill
J033,Finance Data Intern,AtlasBank,Kuala Lumpur,On-site,Data Analyst Intern,2026-05-02,Indeed,documentation,Soft Skill
J034,Product Analyst Intern,FitLoop,Remote Malaysia,Remote,Product Analyst Intern,2026-04-19,Wellfound,Excel,Technical/Tool
J034,Product Analyst Intern,FitLoop,Remote Malaysia,Remote,Product Analyst Intern,2026-04-19,Wellfound,Python,Technical/Tool
J034,Product Analyst Intern,FitLoop,Remote Malaysia,Remote,Product Analyst Intern,2026-04-19,Wellfound,SQL,Technical/Tool
J034,Product Analyst Intern,FitLoop,Remote Malaysia,Remote,Product Analyst Intern,2026-04-19,Wellfound,Tableau,Technical/Tool
J034,Product Analyst Intern,FitLoop,Remote Malaysia,Remote,Product Analyst Intern,2026-04-19,Wellfound,dashboard,Technical/Tool
J034,Product Analyst Intern,FitLoop,Remote Malaysia,Remote,Product Analyst Intern,2026-04-19,Wellfound,data visualization,Technical/Tool
J034,Product Analyst Intern,FitLoop,Remote Malaysia,Remote,Product Analyst Intern,2026-04-19,Wellfound,reporting,Technical/Tool
J034,Product Analyst Intern,FitLoop,Remote Malaysia,Remote,Product Analyst Intern,2026-04-19,Wellfound,analytical thinking,Soft Skill
J034,Product Analyst Intern,FitLoop,Remote Malaysia,Remote,Product Analyst Intern,2026-04-19,Wellfound,communication,Soft Skill
J034,Product Analyst Intern,FitLoop,Remote Malaysia,Remote,Product Analyst Intern,2026-04-19,Wellfound,presentation,Soft Skill
J035,Data Intern,FreshRoute,Johor Bahru,On-site,Data Analyst Intern,2026-05-01,Handshake,Excel,Technical/Tool
J035,Data Intern,FreshRoute,Johor Bahru,On-site,Data Analyst Intern,2026-05-01,Handshake,Python,Technical/Tool
J035,Data Intern,FreshRoute,Johor Bahru,On-site,Data Analyst Intern,2026-05-01,Handshake,SQLite,Technical/Tool
J035,Data Intern,FreshRoute,Johor Bahru,On-site,Data Analyst Intern,2026-05-01,Handshake,data cleaning,Technical/Tool
J035,Data Intern,FreshRoute,Johor Bahru,On-site,Data Analyst Intern,2026-05-01,Handshake,data visualization,Technical/Tool
J035,Data Intern,FreshRoute,Johor Bahru,On-site,Data Analyst Intern,2026-05-01,Handshake,reporting,Technical/Tool
J035,Data Intern,FreshRoute,Johor Bahru,On-site,Data Analyst Intern,2026-05-01,Handshake,documentation,Soft Skill
J035,Data Intern,FreshRoute,Johor Bahru,On-site,Data Analyst Intern,2026-05-01,Handshake,problem solving,Soft Skill
J035,Data Intern,FreshRoute,Johor Bahru,On-site,Data Analyst Intern,2026-05-01,Handshake,teamwork,Soft Skill
J036,Cloud Data Intern,SkyLedger,Penang,Hybrid,Software Engineering Intern,2026-05-09,Company Careers,AWS,Technical/Tool
J036,Cloud Data Intern,SkyLedger,Penang,Hybrid,Software Engineering Intern,2026-05-09,Company Careers,Google Cloud,Technical/Tool
J036,Cloud Data Intern,SkyLedger,Penang,Hybrid,Software Engineering Intern,2026-05-09,Company Careers,Python,Technical/Tool
J036,Cloud Data Intern,SkyLedger,Penang,Hybrid,Software Engineering Intern,2026-05-09,Company Careers,SQL,Technical/Tool
J036,Cloud Data Intern,SkyLedger,Penang,Hybrid,Software Engineering Intern,2026-05-09,Company Careers,data cleaning,Technical/Tool
J036,Cloud Data Intern,SkyLedger,Penang,Hybrid,Software Engineering Intern,2026-05-09,Company Careers,communication,Soft Skill
J036,Cloud Data Intern,SkyLedger,Penang,Hybrid,Software Engineering Intern,2026-05-09,Company Careers,documentation,Soft Skill
J036,Cloud Data Intern,SkyLedger,Penang,Hybrid,Software Engineering Intern,2026-05-09,Company Careers,problem solving,Soft Skill
J037,Customer Insights Intern,OmniShop,Kuala Lumpur,Hybrid,Business Analyst Intern,2026-04-30,LinkedIn,Excel,Technical/Tool
J037,Customer Insights Intern,OmniShop,Kuala Lumpur,Hybrid,Business Analyst Intern,2026-04-30,LinkedIn,Power BI,Technical/Tool
J037,Customer Insights Intern,OmniShop,Kuala Lumpur,Hybrid,Business Analyst Intern,2026-04-30,LinkedIn,SQL,Technical/Tool
J037,Customer Insights Intern,OmniShop,Kuala Lumpur,Hybrid,Business Analyst Intern,2026-04-30,LinkedIn,data visualization,Technical/Tool
J037,Customer Insights Intern,OmniShop,Kuala Lumpur,Hybrid,Business Analyst Intern,2026-04-30,LinkedIn,reporting,Technical/Tool
J037,Customer Insights Intern,OmniShop,Kuala Lumpur,Hybrid,Business Analyst Intern,2026-04-30,LinkedIn,communication,Soft Skill
J037,Customer Insights Intern,OmniShop,Kuala Lumpur,Hybrid,Business Analyst Intern,2026-04-30,LinkedIn,presentation,Soft Skill
J037,Customer Insights Intern,OmniShop,Kuala Lumpur,Hybrid,Business Analyst Intern,2026-04-30,LinkedIn,stakeholder management,Soft Skill
J038,AI Data Intern,AutoVision Labs,Selangor,On-site,AI / Machine Learning Intern,2026-05-06,Glassdoor,Python,Technical/Tool
J038,AI Data Intern,AutoVision Labs,Selangor,On-site,AI / Machine Learning Intern,2026-05-06,Glassdoor,TensorFlow,Technical/Tool
J038,AI Data Intern,AutoVision Labs,Selangor,On-site,AI / Machine Learning Intern,2026-05-06,Glassdoor,computer vision,Technical/Tool
J038,AI Data Intern,AutoVision Labs,Selangor,On-site,AI / Machine Learning Intern,2026-05-06,Glassdoor,data cleaning,Technical/Tool
J038,AI Data Intern,AutoVision Labs,Selangor,On-site,AI / Machine Learning Intern,2026-05-06,Glassdoor,deep learning,Technical/Tool
J038,AI Data Intern,AutoVision Labs,Selangor,On-site,AI / Machine Learning Intern,2026-05-06,Glassdoor,documentation,Soft Skill
J038,AI Data Intern,AutoVision Labs,Selangor,On-site,AI / Machine Learning Intern,2026-05-06,Glassdoor,problem solving,Soft Skill
J038,AI Data Intern,AutoVision Labs,Selangor,On-site,AI / Machine Learning Intern,2026-05-06,Glassdoor,teamwork,Soft Skill
J039,Reporting Analyst Intern,UniServe,Cyberjaya,Hybrid,Data Analyst Intern,2026-05-03,Indeed,Excel,Technical/Tool
J039,Reporting Analyst Intern,UniServe,Cyberjaya,Hybrid,Data Analyst Intern,2026-05-03,Indeed,SQL,Technical/Tool
J039,Reporting Analyst Intern,UniServe,Cyberjaya,Hybrid,Data Analyst Intern,2026-05-03,Indeed,Tableau,Technical/Tool
J039,Reporting Analyst Intern,UniServe,Cyberjaya,Hybrid,Data Analyst Intern,2026-05-03,Indeed,dashboard,Technical/Tool
J039,Reporting Analyst Intern,UniServe,Cyberjaya,Hybrid,Data Analyst Intern,2026-05-03,Indeed,data visualization,Technical/Tool
J039,Reporting Analyst Intern,UniServe,Cyberjaya,Hybrid,Data Analyst Intern,2026-05-03,Indeed,reporting,Technical/Tool
J039,Reporting Analyst Intern,UniServe,Cyberjaya,Hybrid,Data Analyst Intern,2026-05-03,Indeed,analytical thinking,Soft Skill
J039,Reporting Analyst Intern,UniServe,Cyberjaya,Hybrid,Data Analyst Intern,2026-05-03,Indeed,communication,Soft Skill
J039,Reporting Analyst Intern,UniServe,Cyberjaya,Hybrid,Data Analyst Intern,2026-05-03,Indeed,documentation,Soft Skill
J040,Product Operations Analyst Intern,Travelio,Singapore,Hybrid,Product Analyst Intern,2026-05-12,LinkedIn,Looker,Technical/Tool
J040,Product Operations Analyst Intern,Travelio,Singapore,Hybrid,Product Analyst Intern,2026-05-12,LinkedIn,SQL,Technical/Tool
J040,Product Operations Analyst Intern,Travelio,Singapore,Hybrid,Product Analyst Intern,2026-05-12,LinkedIn,dashboard,Technical/Tool
J040,Product Operations Analyst Intern,Travelio,Singapore,Hybrid,Product Analyst Intern,2026-05-12,LinkedIn,data visualization,Technical/Tool
J040,Product Operations Analyst Intern,Travelio,Singapore,Hybrid,Product Analyst Intern,2026-05-12,LinkedIn,reporting,Technical/Tool
J040,Product Operations Analyst Intern,Travelio,Singapore,Hybrid,Product Analyst Intern,2026-05-12,LinkedIn,communication,Soft Skill
J040,Product Operations Analyst Intern,Travelio,Singapore,Hybrid,Product Analyst Intern,2026-05-12,LinkedIn,presentation,Soft Skill
J040,Product Operations Analyst Intern,Travelio,Singapore,Hybrid,Product Analyst Intern,2026-05-12,LinkedIn,stakeholder management,Soft Skill
J041,Database Intern,SecureData Systems,Kuala Lumpur,On-site,Software Engineering Intern,2026-04-17,Company Careers,MySQL,Technical/Tool
J041,Database Intern,SecureData Systems,Kuala Lumpur,On-site,Software Engineering Intern,2026-04-17,Company Careers,Python,Technical/Tool
J041,Database Intern,SecureData Systems,Kuala Lumpur,On-site,Software Engineering Intern,2026-04-17,Company Careers,SQL,Technical/Tool
J041,Database Intern,SecureData Systems,Kuala Lumpur,On-site,Software Engineering Intern,2026-04-17,Company Careers,data cleaning,Technical/Tool
J041,Database Intern,SecureData Systems,Kuala Lumpur,On-site,Software Engineering Intern,2026-04-17,Company Careers,reporting,Technical/Tool
J041,Database Intern,SecureData Systems,Kuala Lumpur,On-site,Software Engineering Intern,2026-04-17,Company Careers,documentation,Soft Skill
J041,Database Intern,SecureData Systems,Kuala Lumpur,On-site,Software Engineering Intern,2026-04-17,Company Careers,problem solving,Soft Skill
J041,Database Intern,SecureData Systems,Kuala Lumpur,On-site,Software Engineering Intern,2026-04-17,Company Careers,teamwork,Soft Skill
J042,Junior Data Analyst Intern,SolarWise,Remote Malaysia,Remote,Data Analyst Intern,2026-05-21,Handshake,Python,Technical/Tool
J042,Junior Data Analyst Intern,SolarWise,Remote Malaysia,Remote,Data Analyst Intern,2026-05-21,Handshake,dashboard,Technical/Tool
J042,Junior Data Analyst Intern,SolarWise,Remote Malaysia,Remote,Data Analyst Intern,2026-05-21,Handshake,data cleaning,Technical/Tool
J042,Junior Data Analyst Intern,SolarWise,Remote Malaysia,Remote,Data Analyst Intern,2026-05-21,Handshake,data visualization,Technical/Tool
J042,Junior Data Analyst Intern,SolarWise,Remote Malaysia,Remote,Data Analyst Intern,2026-05-21,Handshake,pandas,Technical/Tool
J042,Junior Data Analyst Intern,SolarWise,Remote Malaysia,Remote,Data Analyst Intern,2026-05-21,Handshake,prototyping,Technical/Tool
J042,Junior Data Analyst Intern,SolarWise,Remote Malaysia,Remote,Data Analyst Intern,2026-05-21,Handshake,reporting,Technical/Tool
J042,Junior Data Analyst Intern,SolarWise,Remote Malaysia,Remote,Data Analyst Intern,2026-05-21,Handshake,analytical thinking,Soft Skill
J042,Junior Data Analyst Intern,SolarWise,Remote Malaysia,Remote,Data Analyst Intern,2026-05-21,Handshake,communication,Soft Skill
J042,Junior Data Analyst Intern,SolarWise,Remote Malaysia,Remote,Data Analyst Intern,2026-05-21,Handshake,documentation,Soft Skill
J043,Marketing Analytics Intern,AdVantage Studio,Petaling Jaya,Hybrid,Data Analyst Intern,2026-05-07,LinkedIn,Excel,Technical/Tool
J043,Marketing Analytics Intern,AdVantage Studio,Petaling Jaya,Hybrid,Data Analyst Intern,2026-05-07,LinkedIn,Google Data Studio,Technical/Tool
J043,Marketing Analytics Intern,AdVantage Studio,Petaling Jaya,Hybrid,Data Analyst Intern,2026-05-07,LinkedIn,dashboard,Technical/Tool
J043,Marketing Analytics Intern,AdVantage Studio,Petaling Jaya,Hybrid,Data Analyst Intern,2026-05-07,LinkedIn,data visualization,Technical/Tool
J043,Marketing Analytics Intern,AdVantage Studio,Petaling Jaya,Hybrid,Data Analyst Intern,2026-05-07,LinkedIn,reporting,Technical/Tool
J043,Marketing Analytics Intern,AdVantage Studio,Petaling Jaya,Hybrid,Data Analyst Intern,2026-05-07,LinkedIn,communication,Soft Skill
J043,Marketing Analytics Intern,AdVantage Studio,Petaling Jaya,Hybrid,Data Analyst Intern,2026-05-07,LinkedIn,presentation,Soft Skill
J043,Marketing Analytics Intern,AdVantage Studio,Petaling Jaya,Hybrid,Data Analyst Intern,2026-05-07,LinkedIn,stakeholder management,Soft Skill
J044,Business Data Intern,CarePlus,Penang,On-site,Data Analyst Intern,2026-05-13,Indeed,Excel,Technical/Tool
J044,Business Data Intern,CarePlus,Penang,On-site,Data Analyst Intern,2026-05-13,Indeed,Power BI,Technical/Tool
J044,Business Data Intern,CarePlus,Penang,On-site,Data Analyst Intern,2026-05-13,Indeed,SQL,Technical/Tool
J044,Business Data Intern,CarePlus,Penang,On-site,Data Analyst Intern,2026-05-13,Indeed,dashboard,Technical/Tool
J044,Business Data Intern,CarePlus,Penang,On-site,Data Analyst Intern,2026-05-13,Indeed,data cleaning,Technical/Tool
J044,Business Data Intern,CarePlus,Penang,On-site,Data Analyst Intern,2026-05-13,Indeed,reporting,Technical/Tool
J044,Business Data Intern,CarePlus,Penang,On-site,Data Analyst Intern,2026-05-13,Indeed,communication,Soft Skill
J044,Business Data Intern,CarePlus,Penang,On-site,Data Analyst Intern,2026-05-13,Indeed,documentation,Soft Skill
J044,Business Data Intern,CarePlus,Penang,On-site,Data Analyst Intern,2026-05-13,Indeed,stakeholder management,Soft Skill
J045,AI Analytics Intern,TalentMatch AI,Remote Malaysia,Remote,Data Analyst Intern,2026-05-14,Wellfound,NLP,Technical/Tool
J045,AI Analytics Intern,TalentMatch AI,Remote Malaysia,Remote,Data Analyst Intern,2026-05-14,Wellfound,Python,Technical/Tool
J045,AI Analytics Intern,TalentMatch AI,Remote Malaysia,Remote,Data Analyst Intern,2026-05-14,Wellfound,Tableau,Technical/Tool
J045,AI Analytics Intern,TalentMatch AI,Remote Malaysia,Remote,Data Analyst Intern,2026-05-14,Wellfound,dashboard,Technical/Tool
J045,AI Analytics Intern,TalentMatch AI,Remote Malaysia,Remote,Data Analyst Intern,2026-05-14,Wellfound,machine learning,Technical/Tool
J045,AI Analytics Intern,TalentMatch AI,Remote Malaysia,Remote,Data Analyst Intern,2026-05-14,Wellfound,scikit-learn,Technical/Tool
J045,AI Analytics Intern,TalentMatch AI,Remote Malaysia,Remote,Data Analyst Intern,2026-05-14,Wellfound,analytical thinking,Soft Skill
J045,AI Analytics Intern,TalentMatch AI,Remote Malaysia,Remote,Data Analyst Intern,2026-05-14,Wellfound,documentation,Soft Skill
J045,AI Analytics Intern,TalentMatch AI,Remote Malaysia,Remote,Data Analyst Intern,2026-05-14,Wellfound,presentation,Soft Skill
J046,Software Engineering Intern,ByteGarden,Kuala Lumpur,Hybrid,Software Engineering Intern,2026-05-22,LinkedIn,Agile,Technical/Tool
J046,Software Engineering Intern,ByteGarden,Kuala Lumpur,Hybrid,Software Engineering Intern,2026-05-22,LinkedIn,Git,Technical/Tool
J046,Software Engineering Intern,ByteGarden,Kuala Lumpur,Hybrid,Software Engineering Intern,2026-05-22,LinkedIn,GitHub,Technical/Tool
J046,Software Engineering Intern,ByteGarden,Kuala Lumpur,Hybrid,Software Engineering Intern,2026-05-22,LinkedIn,JavaScript,Technical/Tool
J046,Software Engineering Intern,ByteGarden,Kuala Lumpur,Hybrid,Software Engineering Intern,2026-05-22,LinkedIn,REST API,Technical/Tool
J046,Software Engineering Intern,ByteGarden,Kuala Lumpur,Hybrid,Software Engineering Intern,2026-05-22,LinkedIn,React,Technical/Tool
J046,Software Engineering Intern,ByteGarden,Kuala Lumpur,Hybrid,Software Engineering Intern,2026-05-22,LinkedIn,software testing,Technical/Tool
J046,Software Engineering Intern,ByteGarden,Kuala Lumpur,Hybrid,Software Engineering Intern,2026-05-22,LinkedIn,documentation,Soft Skill
J046,Software Engineering Intern,ByteGarden,Kuala Lumpur,Hybrid,Software Engineering Intern,2026-05-22,LinkedIn,problem solving,Soft Skill
J046,Software Engineering Intern,ByteGarden,Kuala Lumpur,Hybrid,Software Engineering Intern,2026-05-22,LinkedIn,teamwork,Soft Skill
J047,Frontend Developer Intern,PixelMart,Remote Malaysia,Remote,Software Engineering Intern,2026-05-21,Company Careers,Figma,Technical/Tool
J047,Frontend Developer Intern,PixelMart,Remote Malaysia,Remote,Software Engineering Intern,2026-05-21,Company Careers,GitHub,Technical/Tool
J047,Frontend Developer Intern,PixelMart,Remote Malaysia,Remote,Software Engineering Intern,2026-05-21,Company Careers,HTML/CSS,Technical/Tool
J047,Frontend Developer Intern,PixelMart,Remote Malaysia,Remote,Software Engineering Intern,2026-05-21,Company Careers,JavaScript,Technical/Tool
J047,Frontend Developer Intern,PixelMart,Remote Malaysia,Remote,Software Engineering Intern,2026-05-21,Company Careers,REST API,Technical/Tool
J047,Frontend Developer Intern,PixelMart,Remote Malaysia,Remote,Software Engineering Intern,2026-05-21,Company Careers,React,Technical/Tool
J047,Frontend Developer Intern,PixelMart,Remote Malaysia,Remote,Software Engineering Intern,2026-05-21,Company Careers,communication,Soft Skill
J047,Frontend Developer Intern,PixelMart,Remote Malaysia,Remote,Software Engineering Intern,2026-05-21,Company Careers,documentation,Soft Skill
J047,Frontend Developer Intern,PixelMart,Remote Malaysia,Remote,Software Engineering Intern,2026-05-21,Company Careers,teamwork,Soft Skill
J048,Backend Developer Intern,CoreLedger,Petaling Jaya,Hybrid,Software Engineering Intern,2026-05-19,Indeed,Docker,Technical/Tool
J048,Backend Developer Intern,CoreLedger,Petaling Jaya,Hybrid,Software Engineering Intern,2026-05-19,Indeed,Express.js,Technical/Tool
J048,Backend Developer Intern,CoreLedger,Petaling Jaya,Hybrid,Software Engineering Intern,2026-05-19,Indeed,Git,Technical/Tool
J048,Backend Developer Intern,CoreLedger,Petaling Jaya,Hybrid,Software Engineering Intern,2026-05-19,Indeed,JavaScript,Technical/Tool
J048,Backend Developer Intern,CoreLedger,Petaling Jaya,Hybrid,Software Engineering Intern,2026-05-19,Indeed,MySQL,Technical/Tool
J048,Backend Developer Intern,CoreLedger,Petaling Jaya,Hybrid,Software Engineering Intern,2026-05-19,Indeed,Node.js,Technical/Tool
J048,Backend Developer Intern,CoreLedger,Petaling Jaya,Hybrid,Software Engineering Intern,2026-05-19,Indeed,REST API,Technical/Tool
J048,Backend Developer Intern,CoreLedger,Petaling Jaya,Hybrid,Software Engineering Intern,2026-05-19,Indeed,documentation,Soft Skill
J048,Backend Developer Intern,CoreLedger,Petaling Jaya,Hybrid,Software Engineering Intern,2026-05-19,Indeed,problem solving,Soft Skill
J048,Backend Developer Intern,CoreLedger,Petaling Jaya,Hybrid,Software Engineering Intern,2026-05-19,Indeed,teamwork,Soft Skill
J049,Full Stack Developer Intern,UrbanApps,Cyberjaya,Hybrid,Software Engineering Intern,2026-05-20,LinkedIn,Agile,Technical/Tool
J049,Full Stack Developer Intern,UrbanApps,Cyberjaya,Hybrid,Software Engineering Intern,2026-05-20,LinkedIn,GitHub,Technical/Tool
J049,Full Stack Developer Intern,UrbanApps,Cyberjaya,Hybrid,Software Engineering Intern,2026-05-20,LinkedIn,JavaScript,Technical/Tool
J049,Full Stack Developer Intern,UrbanApps,Cyberjaya,Hybrid,Software Engineering Intern,2026-05-20,LinkedIn,MongoDB,Technical/Tool
J049,Full Stack Developer Intern,UrbanApps,Cyberjaya,Hybrid,Software Engineering Intern,2026-05-20,LinkedIn,Node.js,Technical/Tool
J049,Full Stack Developer Intern,UrbanApps,Cyberjaya,Hybrid,Software Engineering Intern,2026-05-20,LinkedIn,REST API,Technical/Tool
J049,Full Stack Developer Intern,UrbanApps,Cyberjaya,Hybrid,Software Engineering Intern,2026-05-20,LinkedIn,React,Technical/Tool
J049,Full Stack Developer Intern,UrbanApps,Cyberjaya,Hybrid,Software Engineering Intern,2026-05-20,LinkedIn,communication,Soft Skill
J049,Full Stack Developer Intern,UrbanApps,Cyberjaya,Hybrid,Software Engineering Intern,2026-05-20,LinkedIn,problem solving,Soft Skill
J049,Full Stack Developer Intern,UrbanApps,Cyberjaya,Hybrid,Software Engineering Intern,2026-05-20,LinkedIn,teamwork,Soft Skill
J050,Mobile App Developer Intern,PocketWave,Kuala Lumpur,On-site,Software Engineering Intern,2026-05-18,Company Careers,Firebase,Technical/Tool
J050,Mobile App Developer Intern,PocketWave,Kuala Lumpur,On-site,Software Engineering Intern,2026-05-18,Company Careers,Flutter,Technical/Tool
J050,Mobile App Developer Intern,PocketWave,Kuala Lumpur,On-site,Software Engineering Intern,2026-05-18,Company Careers,Git,Technical/Tool
J050,Mobile App Developer Intern,PocketWave,Kuala Lumpur,On-site,Software Engineering Intern,2026-05-18,Company Careers,REST API,Technical/Tool
J050,Mobile App Developer Intern,PocketWave,Kuala Lumpur,On-site,Software Engineering Intern,2026-05-18,Company Careers,software testing,Technical/Tool
J050,Mobile App Developer Intern,PocketWave,Kuala Lumpur,On-site,Software Engineering Intern,2026-05-18,Company Careers,documentation,Soft Skill
J050,Mobile App Developer Intern,PocketWave,Kuala Lumpur,On-site,Software Engineering Intern,2026-05-18,Company Careers,problem solving,Soft Skill
J050,Mobile App Developer Intern,PocketWave,Kuala Lumpur,On-site,Software Engineering Intern,2026-05-18,Company Careers,teamwork,Soft Skill
J051,QA Software Testing Intern,TestHive,Penang,Hybrid,Software Engineering Intern,2026-05-16,Indeed,Agile,Technical/Tool
J051,QA Software Testing Intern,TestHive,Penang,Hybrid,Software Engineering Intern,2026-05-16,Indeed,Git,Technical/Tool
J051,QA Software Testing Intern,TestHive,Penang,Hybrid,Software Engineering Intern,2026-05-16,Indeed,GitHub,Technical/Tool
J051,QA Software Testing Intern,TestHive,Penang,Hybrid,Software Engineering Intern,2026-05-16,Indeed,REST API,Technical/Tool
J051,QA Software Testing Intern,TestHive,Penang,Hybrid,Software Engineering Intern,2026-05-16,Indeed,software testing,Technical/Tool
J051,QA Software Testing Intern,TestHive,Penang,Hybrid,Software Engineering Intern,2026-05-16,Indeed,analytical thinking,Soft Skill
J051,QA Software Testing Intern,TestHive,Penang,Hybrid,Software Engineering Intern,2026-05-16,Indeed,communication,Soft Skill
J051,QA Software Testing Intern,TestHive,Penang,Hybrid,Software Engineering Intern,2026-05-16,Indeed,documentation,Soft Skill
J051,QA Software Testing Intern,TestHive,Penang,Hybrid,Software Engineering Intern,2026-05-16,Indeed,problem solving,Soft Skill
J052,DevOps Intern,CloudForge,Remote Malaysia,Remote,Software Engineering Intern,2026-05-15,Company Careers,AWS,Technical/Tool
J052,DevOps Intern,CloudForge,Remote Malaysia,Remote,Software Engineering Intern,2026-05-15,Company Careers,Docker,Technical/Tool
J052,DevOps Intern,CloudForge,Remote Malaysia,Remote,Software Engineering Intern,2026-05-15,Company Careers,GitHub,Technical/Tool
J052,DevOps Intern,CloudForge,Remote Malaysia,Remote,Software Engineering Intern,2026-05-15,Company Careers,Linux,Technical/Tool
J052,DevOps Intern,CloudForge,Remote Malaysia,Remote,Software Engineering Intern,2026-05-15,Company Careers,documentation,Soft Skill
J052,DevOps Intern,CloudForge,Remote Malaysia,Remote,Software Engineering Intern,2026-05-15,Company Careers,problem solving,Soft Skill
J052,DevOps Intern,CloudForge,Remote Malaysia,Remote,Software Engineering Intern,2026-05-15,Company Careers,teamwork,Soft Skill
J053,Information Systems Intern,BizFlow Systems,Kuala Lumpur,Hybrid,Information Systems Intern,2026-05-22,LinkedIn,CRM,Technical/Tool
J053,Information Systems Intern,BizFlow Systems,Kuala Lumpur,Hybrid,Information Systems Intern,2026-05-22,LinkedIn,Excel,Technical/Tool
J053,Information Systems Intern,BizFlow Systems,Kuala Lumpur,Hybrid,Information Systems Intern,2026-05-22,LinkedIn,UAT,Technical/Tool
J053,Information Systems Intern,BizFlow Systems,Kuala Lumpur,Hybrid,Information Systems Intern,2026-05-22,LinkedIn,business process,Technical/Tool
J053,Information Systems Intern,BizFlow Systems,Kuala Lumpur,Hybrid,Information Systems Intern,2026-05-22,LinkedIn,requirements analysis,Technical/Tool
J053,Information Systems Intern,BizFlow Systems,Kuala Lumpur,Hybrid,Information Systems Intern,2026-05-22,LinkedIn,system analysis,Technical/Tool
J053,Information Systems Intern,BizFlow Systems,Kuala Lumpur,Hybrid,Information Systems Intern,2026-05-22,LinkedIn,communication,Soft Skill
J053,Information Systems Intern,BizFlow Systems,Kuala Lumpur,Hybrid,Information Systems Intern,2026-05-22,LinkedIn,documentation,Soft Skill
J053,Information Systems Intern,BizFlow Systems,Kuala Lumpur,Hybrid,Information Systems Intern,2026-05-22,LinkedIn,stakeholder management,Soft Skill
J054,System Analyst Intern,BrightOps,Shah Alam,On-site,Information Systems Intern,2026-05-17,Indeed,Excel,Technical/Tool
J054,System Analyst Intern,BrightOps,Shah Alam,On-site,Information Systems Intern,2026-05-17,Indeed,UAT,Technical/Tool
J054,System Analyst Intern,BrightOps,Shah Alam,On-site,Information Systems Intern,2026-05-17,Indeed,business process,Technical/Tool
J054,System Analyst Intern,BrightOps,Shah Alam,On-site,Information Systems Intern,2026-05-17,Indeed,requirements analysis,Technical/Tool
J054,System Analyst Intern,BrightOps,Shah Alam,On-site,Information Systems Intern,2026-05-17,Indeed,system analysis,Technical/Tool
J054,System Analyst Intern,BrightOps,Shah Alam,On-site,Information Systems Intern,2026-05-17,Indeed,analytical thinking,Soft Skill
J054,System Analyst Intern,BrightOps,Shah Alam,On-site,Information Systems Intern,2026-05-17,Indeed,communication,Soft Skill
J054,System Analyst Intern,BrightOps,Shah Alam,On-site,Information Systems Intern,2026-05-17,Indeed,stakeholder management,Soft Skill
J055,ERP Functional Intern,SupplyNexa,Johor Bahru,On-site,Information Systems Intern,2026-05-12,Company Careers,ERP,Technical/Tool
J055,ERP Functional Intern,SupplyNexa,Johor Bahru,On-site,Information Systems Intern,2026-05-12,Company Careers,Excel,Technical/Tool
J055,ERP Functional Intern,SupplyNexa,Johor Bahru,On-site,Information Systems Intern,2026-05-12,Company Careers,UAT,Technical/Tool
J055,ERP Functional Intern,SupplyNexa,Johor Bahru,On-site,Information Systems Intern,2026-05-12,Company Careers,business process,Technical/Tool
J055,ERP Functional Intern,SupplyNexa,Johor Bahru,On-site,Information Systems Intern,2026-05-12,Company Careers,reporting,Technical/Tool
J055,ERP Functional Intern,SupplyNexa,Johor Bahru,On-site,Information Systems Intern,2026-05-12,Company Careers,communication,Soft Skill
J055,ERP Functional Intern,SupplyNexa,Johor Bahru,On-site,Information Systems Intern,2026-05-12,Company Careers,documentation,Soft Skill
J055,ERP Functional Intern,SupplyNexa,Johor Bahru,On-site,Information Systems Intern,2026-05-12,Company Careers,problem solving,Soft Skill
J056,Business Systems Intern,CareLink Digital,Remote Malaysia,Remote,Information Systems Intern,2026-05-11,LinkedIn,CRM,Technical/Tool
J056,Business Systems Intern,CareLink Digital,Remote Malaysia,Remote,Information Systems Intern,2026-05-11,LinkedIn,Google Data Studio,Technical/Tool
J056,Business Systems Intern,CareLink Digital,Remote Malaysia,Remote,Information Systems Intern,2026-05-11,LinkedIn,IT documentation,Technical/Tool
J056,Business Systems Intern,CareLink Digital,Remote Malaysia,Remote,Information Systems Intern,2026-05-11,LinkedIn,business process,Technical/Tool
J056,Business Systems Intern,CareLink Digital,Remote Malaysia,Remote,Information Systems Intern,2026-05-11,LinkedIn,requirements analysis,Technical/Tool
J056,Business Systems Intern,CareLink Digital,Remote Malaysia,Remote,Information Systems Intern,2026-05-11,LinkedIn,system analysis,Technical/Tool
J056,Business Systems Intern,CareLink Digital,Remote Malaysia,Remote,Information Systems Intern,2026-05-11,LinkedIn,communication,Soft Skill
J056,Business Systems Intern,CareLink Digital,Remote Malaysia,Remote,Information Systems Intern,2026-05-11,LinkedIn,documentation,Soft Skill
J056,Business Systems Intern,CareLink Digital,Remote Malaysia,Remote,Information Systems Intern,2026-05-11,LinkedIn,stakeholder management,Soft Skill
J057,Digital Transformation Intern,Maju Holdings,Kuala Lumpur,Hybrid,Information Systems Intern,2026-05-09,Indeed,Excel,Technical/Tool
J057,Digital Transformation Intern,Maju Holdings,Kuala Lumpur,Hybrid,Information Systems Intern,2026-05-09,Indeed,Power BI,Technical/Tool
J057,Digital Transformation Intern,Maju Holdings,Kuala Lumpur,Hybrid,Information Systems Intern,2026-05-09,Indeed,UAT,Technical/Tool
J057,Digital Transformation Intern,Maju Holdings,Kuala Lumpur,Hybrid,Information Systems Intern,2026-05-09,Indeed,business process,Technical/Tool
J057,Digital Transformation Intern,Maju Holdings,Kuala Lumpur,Hybrid,Information Systems Intern,2026-05-09,Indeed,dashboard,Technical/Tool
J057,Digital Transformation Intern,Maju Holdings,Kuala Lumpur,Hybrid,Information Systems Intern,2026-05-09,Indeed,reporting,Technical/Tool
J057,Digital Transformation Intern,Maju Holdings,Kuala Lumpur,Hybrid,Information Systems Intern,2026-05-09,Indeed,requirements analysis,Technical/Tool
J057,Digital Transformation Intern,Maju Holdings,Kuala Lumpur,Hybrid,Information Systems Intern,2026-05-09,Indeed,communication,Soft Skill
J057,Digital Transformation Intern,Maju Holdings,Kuala Lumpur,Hybrid,Information Systems Intern,2026-05-09,Indeed,presentation,Soft Skill
J057,Digital Transformation Intern,Maju Holdings,Kuala Lumpur,Hybrid,Information Systems Intern,2026-05-09,Indeed,stakeholder management,Soft Skill
J058,AI Engineering Intern,RoboNusa,Cyberjaya,Hybrid,AI / Machine Learning Intern,2026-05-22,Company Careers,Python,Technical/Tool
J058,AI Engineering Intern,RoboNusa,Cyberjaya,Hybrid,AI / Machine Learning Intern,2026-05-22,Company Careers,TensorFlow,Technical/Tool
J058,AI Engineering Intern,RoboNusa,Cyberjaya,Hybrid,AI / Machine Learning Intern,2026-05-22,Company Careers,data visualization,Technical/Tool
J058,AI Engineering Intern,RoboNusa,Cyberjaya,Hybrid,AI / Machine Learning Intern,2026-05-22,Company Careers,deep learning,Technical/Tool
J058,AI Engineering Intern,RoboNusa,Cyberjaya,Hybrid,AI / Machine Learning Intern,2026-05-22,Company Careers,machine learning,Technical/Tool
J058,AI Engineering Intern,RoboNusa,Cyberjaya,Hybrid,AI / Machine Learning Intern,2026-05-22,Company Careers,documentation,Soft Skill
J058,AI Engineering Intern,RoboNusa,Cyberjaya,Hybrid,AI / Machine Learning Intern,2026-05-22,Company Careers,problem solving,Soft Skill
J058,AI Engineering Intern,RoboNusa,Cyberjaya,Hybrid,AI / Machine Learning Intern,2026-05-22,Company Careers,teamwork,Soft Skill
J059,Machine Learning Intern,PredictWorks,Kuala Lumpur,Hybrid,AI / Machine Learning Intern,2026-05-21,LinkedIn,Python,Technical/Tool
J059,Machine Learning Intern,PredictWorks,Kuala Lumpur,Hybrid,AI / Machine Learning Intern,2026-05-21,LinkedIn,machine learning,Technical/Tool
J059,Machine Learning Intern,PredictWorks,Kuala Lumpur,Hybrid,AI / Machine Learning Intern,2026-05-21,LinkedIn,pandas,Technical/Tool
J059,Machine Learning Intern,PredictWorks,Kuala Lumpur,Hybrid,AI / Machine Learning Intern,2026-05-21,LinkedIn,scikit-learn,Technical/Tool
J059,Machine Learning Intern,PredictWorks,Kuala Lumpur,Hybrid,AI / Machine Learning Intern,2026-05-21,LinkedIn,statistics,Technical/Tool
J059,Machine Learning Intern,PredictWorks,Kuala Lumpur,Hybrid,AI / Machine Learning Intern,2026-05-21,LinkedIn,analytical thinking,Soft Skill
J059,Machine Learning Intern,PredictWorks,Kuala Lumpur,Hybrid,AI / Machine Learning Intern,2026-05-21,LinkedIn,communication,Soft Skill
J059,Machine Learning Intern,PredictWorks,Kuala Lumpur,Hybrid,AI / Machine Learning Intern,2026-05-21,LinkedIn,documentation,Soft Skill
J060,NLP Engineering Intern,TextMind Studio,Remote Malaysia,Remote,AI / Machine Learning Intern,2026-05-18,Wellfound,NLP,Technical/Tool
J060,NLP Engineering Intern,TextMind Studio,Remote Malaysia,Remote,AI / Machine Learning Intern,2026-05-18,Wellfound,Python,Technical/Tool
J060,NLP Engineering Intern,TextMind Studio,Remote Malaysia,Remote,AI / Machine Learning Intern,2026-05-18,Wellfound,data cleaning,Technical/Tool
J060,NLP Engineering Intern,TextMind Studio,Remote Malaysia,Remote,AI / Machine Learning Intern,2026-05-18,Wellfound,machine learning,Technical/Tool
J060,NLP Engineering Intern,TextMind Studio,Remote Malaysia,Remote,AI / Machine Learning Intern,2026-05-18,Wellfound,pandas,Technical/Tool
J060,NLP Engineering Intern,TextMind Studio,Remote Malaysia,Remote,AI / Machine Learning Intern,2026-05-18,Wellfound,scikit-learn,Technical/Tool
J060,NLP Engineering Intern,TextMind Studio,Remote Malaysia,Remote,AI / Machine Learning Intern,2026-05-18,Wellfound,analytical thinking,Soft Skill
J060,NLP Engineering Intern,TextMind Studio,Remote Malaysia,Remote,AI / Machine Learning Intern,2026-05-18,Wellfound,documentation,Soft Skill
J060,NLP Engineering Intern,TextMind Studio,Remote Malaysia,Remote,AI / Machine Learning Intern,2026-05-18,Wellfound,problem solving,Soft Skill
J061,Computer Vision Intern,CamSense,Penang,On-site,AI / Machine Learning Intern,2026-05-14,Company Careers,PyTorch,Technical/Tool
J061,Computer Vision Intern,CamSense,Penang,On-site,AI / Machine Learning Intern,2026-05-14,Company Careers,Python,Technical/Tool
J061,Computer Vision Intern,CamSense,Penang,On-site,AI / Machine Learning Intern,2026-05-14,Company Careers,computer vision,Technical/Tool
J061,Computer Vision Intern,CamSense,Penang,On-site,AI / Machine Learning Intern,2026-05-14,Company Careers,deep learning,Technical/Tool
J061,Computer Vision Intern,CamSense,Penang,On-site,AI / Machine Learning Intern,2026-05-14,Company Careers,machine learning,Technical/Tool
J061,Computer Vision Intern,CamSense,Penang,On-site,AI / Machine Learning Intern,2026-05-14,Company Careers,documentation,Soft Skill
J061,Computer Vision Intern,CamSense,Penang,On-site,AI / Machine Learning Intern,2026-05-14,Company Careers,problem solving,Soft Skill
J061,Computer Vision Intern,CamSense,Penang,On-site,AI / Machine Learning Intern,2026-05-14,Company Careers,teamwork,Soft Skill
J062,AI Model Evaluation Intern,TrustAI Labs,Kuala Lumpur,Hybrid,AI / Machine Learning Intern,2026-05-10,LinkedIn,Excel,Technical/Tool
J062,AI Model Evaluation Intern,TrustAI Labs,Kuala Lumpur,Hybrid,AI / Machine Learning Intern,2026-05-10,LinkedIn,Python,Technical/Tool
J062,AI Model Evaluation Intern,TrustAI Labs,Kuala Lumpur,Hybrid,AI / Machine Learning Intern,2026-05-10,LinkedIn,data visualization,Technical/Tool
J062,AI Model Evaluation Intern,TrustAI Labs,Kuala Lumpur,Hybrid,AI / Machine Learning Intern,2026-05-10,LinkedIn,machine learning,Technical/Tool
J062,AI Model Evaluation Intern,TrustAI Labs,Kuala Lumpur,Hybrid,AI / Machine Learning Intern,2026-05-10,LinkedIn,reporting,Technical/Tool
J062,AI Model Evaluation Intern,TrustAI Labs,Kuala Lumpur,Hybrid,AI / Machine Learning Intern,2026-05-10,LinkedIn,statistics,Technical/Tool
J062,AI Model Evaluation Intern,TrustAI Labs,Kuala Lumpur,Hybrid,AI / Machine Learning Intern,2026-05-10,LinkedIn,analytical thinking,Soft Skill
J062,AI Model Evaluation Intern,TrustAI Labs,Kuala Lumpur,Hybrid,AI / Machine Learning Intern,2026-05-10,LinkedIn,communication,Soft Skill
J062,AI Model Evaluation Intern,TrustAI Labs,Kuala Lumpur,Hybrid,AI / Machine Learning Intern,2026-05-10,LinkedIn,documentation,Soft Skill
J063,Data Science Intern,InsightFarm,Kuala Lumpur,Hybrid,Data Science Intern,2026-05-22,LinkedIn,NumPy,Technical/Tool
J063,Data Science Intern,InsightFarm,Kuala Lumpur,Hybrid,Data Science Intern,2026-05-22,LinkedIn,Python,Technical/Tool
J063,Data Science Intern,InsightFarm,Kuala Lumpur,Hybrid,Data Science Intern,2026-05-22,LinkedIn,machine learning,Technical/Tool
J063,Data Science Intern,InsightFarm,Kuala Lumpur,Hybrid,Data Science Intern,2026-05-22,LinkedIn,pandas,Technical/Tool
J063,Data Science Intern,InsightFarm,Kuala Lumpur,Hybrid,Data Science Intern,2026-05-22,LinkedIn,scikit-learn,Technical/Tool
J063,Data Science Intern,InsightFarm,Kuala Lumpur,Hybrid,Data Science Intern,2026-05-22,LinkedIn,statistics,Technical/Tool
J063,Data Science Intern,InsightFarm,Kuala Lumpur,Hybrid,Data Science Intern,2026-05-22,LinkedIn,analytical thinking,Soft Skill
J063,Data Science Intern,InsightFarm,Kuala Lumpur,Hybrid,Data Science Intern,2026-05-22,LinkedIn,communication,Soft Skill
J063,Data Science Intern,InsightFarm,Kuala Lumpur,Hybrid,Data Science Intern,2026-05-22,LinkedIn,presentation,Soft Skill
J064,Junior Data Scientist Intern,ClaimWise,Petaling Jaya,Hybrid,Data Science Intern,2026-05-19,Indeed,Python,Technical/Tool
J064,Junior Data Scientist Intern,ClaimWise,Petaling Jaya,Hybrid,Data Science Intern,2026-05-19,Indeed,data cleaning,Technical/Tool
J064,Junior Data Scientist Intern,ClaimWise,Petaling Jaya,Hybrid,Data Science Intern,2026-05-19,Indeed,data visualization,Technical/Tool
J064,Junior Data Scientist Intern,ClaimWise,Petaling Jaya,Hybrid,Data Science Intern,2026-05-19,Indeed,pandas,Technical/Tool
J064,Junior Data Scientist Intern,ClaimWise,Petaling Jaya,Hybrid,Data Science Intern,2026-05-19,Indeed,scikit-learn,Technical/Tool
J064,Junior Data Scientist Intern,ClaimWise,Petaling Jaya,Hybrid,Data Science Intern,2026-05-19,Indeed,analytical thinking,Soft Skill
J064,Junior Data Scientist Intern,ClaimWise,Petaling Jaya,Hybrid,Data Science Intern,2026-05-19,Indeed,documentation,Soft Skill
J064,Junior Data Scientist Intern,ClaimWise,Petaling Jaya,Hybrid,Data Science Intern,2026-05-19,Indeed,problem solving,Soft Skill
J065,Data Science Research Intern,BioLens Analytics,Remote Malaysia,Remote,Data Science Intern,2026-05-17,Company Careers,Excel,Technical/Tool
J065,Data Science Research Intern,BioLens Analytics,Remote Malaysia,Remote,Data Science Intern,2026-05-17,Company Careers,Python,Technical/Tool
J065,Data Science Research Intern,BioLens Analytics,Remote Malaysia,Remote,Data Science Intern,2026-05-17,Company Careers,machine learning,Technical/Tool
J065,Data Science Research Intern,BioLens Analytics,Remote Malaysia,Remote,Data Science Intern,2026-05-17,Company Careers,pandas,Technical/Tool
J065,Data Science Research Intern,BioLens Analytics,Remote Malaysia,Remote,Data Science Intern,2026-05-17,Company Careers,reporting,Technical/Tool
J065,Data Science Research Intern,BioLens Analytics,Remote Malaysia,Remote,Data Science Intern,2026-05-17,Company Careers,statistics,Technical/Tool
J065,Data Science Research Intern,BioLens Analytics,Remote Malaysia,Remote,Data Science Intern,2026-05-17,Company Careers,communication,Soft Skill
J065,Data Science Research Intern,BioLens Analytics,Remote Malaysia,Remote,Data Science Intern,2026-05-17,Company Careers,documentation,Soft Skill
J065,Data Science Research Intern,BioLens Analytics,Remote Malaysia,Remote,Data Science Intern,2026-05-17,Company Careers,presentation,Soft Skill
J065,Data Science Research Intern,BioLens Analytics,Remote Malaysia,Remote,Data Science Intern,2026-05-17,Company Careers,stakeholder management,Soft Skill
J066,Data Mining Intern,RetailScope,Kuala Lumpur,Hybrid,Data Science Intern,2026-05-13,LinkedIn,Python,Technical/Tool
J066,Data Mining Intern,RetailScope,Kuala Lumpur,Hybrid,Data Science Intern,2026-05-13,LinkedIn,Tableau,Technical/Tool
J066,Data Mining Intern,RetailScope,Kuala Lumpur,Hybrid,Data Science Intern,2026-05-13,LinkedIn,data cleaning,Technical/Tool
J066,Data Mining Intern,RetailScope,Kuala Lumpur,Hybrid,Data Science Intern,2026-05-13,LinkedIn,machine learning,Technical/Tool
J066,Data Mining Intern,RetailScope,Kuala Lumpur,Hybrid,Data Science Intern,2026-05-13,LinkedIn,pandas,Technical/Tool
J066,Data Mining Intern,RetailScope,Kuala Lumpur,Hybrid,Data Science Intern,2026-05-13,LinkedIn,statistics,Technical/Tool
J066,Data Mining Intern,RetailScope,Kuala Lumpur,Hybrid,Data Science Intern,2026-05-13,LinkedIn,analytical thinking,Soft Skill
J066,Data Mining Intern,RetailScope,Kuala Lumpur,Hybrid,Data Science Intern,2026-05-13,LinkedIn,communication,Soft Skill
J066,Data Mining Intern,RetailScope,Kuala Lumpur,Hybrid,Data Science Intern,2026-05-13,LinkedIn,teamwork,Soft Skill
J067,Multimedia Design Intern,CreativeNest,Kuala Lumpur,On-site,Multimedia / UIUX Intern,2026-05-22,Company Careers,Adobe Illustrator,Technical/Tool
J067,Multimedia Design Intern,CreativeNest,Kuala Lumpur,On-site,Multimedia / UIUX Intern,2026-05-22,Company Careers,Adobe Photoshop,Technical/Tool
J067,Multimedia Design Intern,CreativeNest,Kuala Lumpur,On-site,Multimedia / UIUX Intern,2026-05-22,Company Careers,Adobe Premiere Pro,Technical/Tool
J067,Multimedia Design Intern,CreativeNest,Kuala Lumpur,On-site,Multimedia / UIUX Intern,2026-05-22,Company Careers,motion graphics,Technical/Tool
J067,Multimedia Design Intern,CreativeNest,Kuala Lumpur,On-site,Multimedia / UIUX Intern,2026-05-22,Company Careers,video editing,Technical/Tool
J067,Multimedia Design Intern,CreativeNest,Kuala Lumpur,On-site,Multimedia / UIUX Intern,2026-05-22,Company Careers,communication,Soft Skill
J067,Multimedia Design Intern,CreativeNest,Kuala Lumpur,On-site,Multimedia / UIUX Intern,2026-05-22,Company Careers,teamwork,Soft Skill
J068,UI UX Design Intern,FlowPixel,Remote Malaysia,Remote,Multimedia / UIUX Intern,2026-05-21,LinkedIn,Figma,Technical/Tool
J068,UI UX Design Intern,FlowPixel,Remote Malaysia,Remote,Multimedia / UIUX Intern,2026-05-21,LinkedIn,HTML/CSS,Technical/Tool
J068,UI UX Design Intern,FlowPixel,Remote Malaysia,Remote,Multimedia / UIUX Intern,2026-05-21,LinkedIn,UI/UX design,Technical/Tool
J068,UI UX Design Intern,FlowPixel,Remote Malaysia,Remote,Multimedia / UIUX Intern,2026-05-21,LinkedIn,prototyping,Technical/Tool
J068,UI UX Design Intern,FlowPixel,Remote Malaysia,Remote,Multimedia / UIUX Intern,2026-05-21,LinkedIn,wireframing,Technical/Tool
J068,UI UX Design Intern,FlowPixel,Remote Malaysia,Remote,Multimedia / UIUX Intern,2026-05-21,LinkedIn,communication,Soft Skill
J068,UI UX Design Intern,FlowPixel,Remote Malaysia,Remote,Multimedia / UIUX Intern,2026-05-21,LinkedIn,presentation,Soft Skill
J068,UI UX Design Intern,FlowPixel,Remote Malaysia,Remote,Multimedia / UIUX Intern,2026-05-21,LinkedIn,stakeholder management,Soft Skill
J068,UI UX Design Intern,FlowPixel,Remote Malaysia,Remote,Multimedia / UIUX Intern,2026-05-21,LinkedIn,teamwork,Soft Skill
J069,Graphic Design Intern,BrandLoom,Petaling Jaya,Hybrid,Multimedia / UIUX Intern,2026-05-18,Indeed,Adobe Illustrator,Technical/Tool
J069,Graphic Design Intern,BrandLoom,Petaling Jaya,Hybrid,Multimedia / UIUX Intern,2026-05-18,Indeed,Adobe Photoshop,Technical/Tool
J069,Graphic Design Intern,BrandLoom,Petaling Jaya,Hybrid,Multimedia / UIUX Intern,2026-05-18,Indeed,motion graphics,Technical/Tool
J069,Graphic Design Intern,BrandLoom,Petaling Jaya,Hybrid,Multimedia / UIUX Intern,2026-05-18,Indeed,communication,Soft Skill
J069,Graphic Design Intern,BrandLoom,Petaling Jaya,Hybrid,Multimedia / UIUX Intern,2026-05-18,Indeed,documentation,Soft Skill
J070,Video Production Intern,StoryArc Media,Kuala Lumpur,On-site,Multimedia / UIUX Intern,2026-05-15,Company Careers,Adobe Premiere Pro,Technical/Tool
J070,Video Production Intern,StoryArc Media,Kuala Lumpur,On-site,Multimedia / UIUX Intern,2026-05-15,Company Careers,business process,Technical/Tool
J070,Video Production Intern,StoryArc Media,Kuala Lumpur,On-site,Multimedia / UIUX Intern,2026-05-15,Company Careers,motion graphics,Technical/Tool
J070,Video Production Intern,StoryArc Media,Kuala Lumpur,On-site,Multimedia / UIUX Intern,2026-05-15,Company Careers,video editing,Technical/Tool
J070,Video Production Intern,StoryArc Media,Kuala Lumpur,On-site,Multimedia / UIUX Intern,2026-05-15,Company Careers,communication,Soft Skill
J070,Video Production Intern,StoryArc Media,Kuala Lumpur,On-site,Multimedia / UIUX Intern,2026-05-15,Company Careers,documentation,Soft Skill
J070,Video Production Intern,StoryArc Media,Kuala Lumpur,On-site,Multimedia / UIUX Intern,2026-05-15,Company Careers,teamwork,Soft Skill
J071,Game Development Intern,PlayForge Studio,Remote Malaysia,Remote,Multimedia / UIUX Intern,2026-05-13,Wellfound,C#,Technical/Tool
J071,Game Development Intern,PlayForge Studio,Remote Malaysia,Remote,Multimedia / UIUX Intern,2026-05-13,Wellfound,C++,Technical/Tool
J071,Game Development Intern,PlayForge Studio,Remote Malaysia,Remote,Multimedia / UIUX Intern,2026-05-13,Wellfound,Git,Technical/Tool
J071,Game Development Intern,PlayForge Studio,Remote Malaysia,Remote,Multimedia / UIUX Intern,2026-05-13,Wellfound,Unity,Technical/Tool
J071,Game Development Intern,PlayForge Studio,Remote Malaysia,Remote,Multimedia / UIUX Intern,2026-05-13,Wellfound,game development,Technical/Tool
J071,Game Development Intern,PlayForge Studio,Remote Malaysia,Remote,Multimedia / UIUX Intern,2026-05-13,Wellfound,prototyping,Technical/Tool
J071,Game Development Intern,PlayForge Studio,Remote Malaysia,Remote,Multimedia / UIUX Intern,2026-05-13,Wellfound,documentation,Soft Skill
J071,Game Development Intern,PlayForge Studio,Remote Malaysia,Remote,Multimedia / UIUX Intern,2026-05-13,Wellfound,problem solving,Soft Skill
J071,Game Development Intern,PlayForge Studio,Remote Malaysia,Remote,Multimedia / UIUX Intern,2026-05-13,Wellfound,teamwork,Soft Skill
J072,3D Artist Intern,RenderLab,Cyberjaya,Hybrid,Multimedia / UIUX Intern,2026-05-08,Company Careers,Blender,Technical/Tool
J072,3D Artist Intern,RenderLab,Cyberjaya,Hybrid,Multimedia / UIUX Intern,2026-05-08,Company Careers,Unity,Technical/Tool
J072,3D Artist Intern,RenderLab,Cyberjaya,Hybrid,Multimedia / UIUX Intern,2026-05-08,Company Careers,motion graphics,Technical/Tool
J072,3D Artist Intern,RenderLab,Cyberjaya,Hybrid,Multimedia / UIUX Intern,2026-05-08,Company Careers,documentation,Soft Skill
J072,3D Artist Intern,RenderLab,Cyberjaya,Hybrid,Multimedia / UIUX Intern,2026-05-08,Company Careers,teamwork,Soft Skill
J073,Cybersecurity Intern,SafeNet Malaysia,Kuala Lumpur,Hybrid,Cybersecurity / IT Intern,2026-05-22,LinkedIn,Linux,Technical/Tool
J073,Cybersecurity Intern,SafeNet Malaysia,Kuala Lumpur,Hybrid,Cybersecurity / IT Intern,2026-05-22,LinkedIn,cybersecurity,Technical/Tool
J073,Cybersecurity Intern,SafeNet Malaysia,Kuala Lumpur,Hybrid,Cybersecurity / IT Intern,2026-05-22,LinkedIn,firewall,Technical/Tool
J073,Cybersecurity Intern,SafeNet Malaysia,Kuala Lumpur,Hybrid,Cybersecurity / IT Intern,2026-05-22,LinkedIn,incident response,Technical/Tool
J073,Cybersecurity Intern,SafeNet Malaysia,Kuala Lumpur,Hybrid,Cybersecurity / IT Intern,2026-05-22,LinkedIn,vulnerability assessment,Technical/Tool
J073,Cybersecurity Intern,SafeNet Malaysia,Kuala Lumpur,Hybrid,Cybersecurity / IT Intern,2026-05-22,LinkedIn,analytical thinking,Soft Skill
J073,Cybersecurity Intern,SafeNet Malaysia,Kuala Lumpur,Hybrid,Cybersecurity / IT Intern,2026-05-22,LinkedIn,documentation,Soft Skill
J073,Cybersecurity Intern,SafeNet Malaysia,Kuala Lumpur,Hybrid,Cybersecurity / IT Intern,2026-05-22,LinkedIn,problem solving,Soft Skill
J074,IT Support Intern,OfficeLink,Selangor,On-site,Cybersecurity / IT Intern,2026-05-20,Indeed,IT documentation,Technical/Tool
J074,IT Support Intern,OfficeLink,Selangor,On-site,Cybersecurity / IT Intern,2026-05-20,Indeed,Linux,Technical/Tool
J074,IT Support Intern,OfficeLink,Selangor,On-site,Cybersecurity / IT Intern,2026-05-20,Indeed,networking,Technical/Tool
J074,IT Support Intern,OfficeLink,Selangor,On-site,Cybersecurity / IT Intern,2026-05-20,Indeed,troubleshooting,Technical/Tool
J074,IT Support Intern,OfficeLink,Selangor,On-site,Cybersecurity / IT Intern,2026-05-20,Indeed,communication,Soft Skill
J074,IT Support Intern,OfficeLink,Selangor,On-site,Cybersecurity / IT Intern,2026-05-20,Indeed,documentation,Soft Skill
J074,IT Support Intern,OfficeLink,Selangor,On-site,Cybersecurity / IT Intern,2026-05-20,Indeed,problem solving,Soft Skill
J075,Network Support Intern,NetBridge,Penang,On-site,Cybersecurity / IT Intern,2026-05-18,Company Careers,Linux,Technical/Tool
J075,Network Support Intern,NetBridge,Penang,On-site,Cybersecurity / IT Intern,2026-05-18,Company Careers,firewall,Technical/Tool
J075,Network Support Intern,NetBridge,Penang,On-site,Cybersecurity / IT Intern,2026-05-18,Company Careers,incident response,Technical/Tool
J075,Network Support Intern,NetBridge,Penang,On-site,Cybersecurity / IT Intern,2026-05-18,Company Careers,networking,Technical/Tool
J075,Network Support Intern,NetBridge,Penang,On-site,Cybersecurity / IT Intern,2026-05-18,Company Careers,troubleshooting,Technical/Tool
J075,Network Support Intern,NetBridge,Penang,On-site,Cybersecurity / IT Intern,2026-05-18,Company Careers,communication,Soft Skill
J075,Network Support Intern,NetBridge,Penang,On-site,Cybersecurity / IT Intern,2026-05-18,Company Careers,documentation,Soft Skill
J075,Network Support Intern,NetBridge,Penang,On-site,Cybersecurity / IT Intern,2026-05-18,Company Careers,problem solving,Soft Skill
J076,SOC Analyst Intern,CyberWatch,Remote Malaysia,Remote,Cybersecurity / IT Intern,2026-05-12,LinkedIn,Linux,Technical/Tool
J076,SOC Analyst Intern,CyberWatch,Remote Malaysia,Remote,Cybersecurity / IT Intern,2026-05-12,LinkedIn,cybersecurity,Technical/Tool
J076,SOC Analyst Intern,CyberWatch,Remote Malaysia,Remote,Cybersecurity / IT Intern,2026-05-12,LinkedIn,incident response,Technical/Tool
J076,SOC Analyst Intern,CyberWatch,Remote Malaysia,Remote,Cybersecurity / IT Intern,2026-05-12,LinkedIn,vulnerability assessment,Technical/Tool
J076,SOC Analyst Intern,CyberWatch,Remote Malaysia,Remote,Cybersecurity / IT Intern,2026-05-12,LinkedIn,analytical thinking,Soft Skill
J076,SOC Analyst Intern,CyberWatch,Remote Malaysia,Remote,Cybersecurity / IT Intern,2026-05-12,LinkedIn,documentation,Soft Skill
J076,SOC Analyst Intern,CyberWatch,Remote Malaysia,Remote,Cybersecurity / IT Intern,2026-05-12,LinkedIn,teamwork,Soft Skill
J077,Cloud Security Intern,CloudSentinel,Cyberjaya,Hybrid,Cybersecurity / IT Intern,2026-05-09,Company Careers,AWS,Technical/Tool
J077,Cloud Security Intern,CloudSentinel,Cyberjaya,Hybrid,Cybersecurity / IT Intern,2026-05-09,Company Careers,Linux,Technical/Tool
J077,Cloud Security Intern,CloudSentinel,Cyberjaya,Hybrid,Cybersecurity / IT Intern,2026-05-09,Company Careers,cybersecurity,Technical/Tool
J077,Cloud Security Intern,CloudSentinel,Cyberjaya,Hybrid,Cybersecurity / IT Intern,2026-05-09,Company Careers,vulnerability assessment,Technical/Tool
J077,Cloud Security Intern,CloudSentinel,Cyberjaya,Hybrid,Cybersecurity / IT Intern,2026-05-09,Company Careers,communication,Soft Skill
J077,Cloud Security Intern,CloudSentinel,Cyberjaya,Hybrid,Cybersecurity / IT Intern,2026-05-09,Company Careers,documentation,Soft Skill
J077,Cloud Security Intern,CloudSentinel,Cyberjaya,Hybrid,Cybersecurity / IT Intern,2026-05-09,Company Careers,problem solving,Soft Skill
J078,Data Engineer Intern,PipeLake Data,Kuala Lumpur,Hybrid,Software Engineering Intern,2026-05-07,LinkedIn,Git,Technical/Tool
J078,Data Engineer Intern,PipeLake Data,Kuala Lumpur,Hybrid,Software Engineering Intern,2026-05-07,LinkedIn,PostgreSQL,Technical/Tool
J078,Data Engineer Intern,PipeLake Data,Kuala Lumpur,Hybrid,Software Engineering Intern,2026-05-07,LinkedIn,Python,Technical/Tool
J078,Data Engineer Intern,PipeLake Data,Kuala Lumpur,Hybrid,Software Engineering Intern,2026-05-07,LinkedIn,SQL,Technical/Tool
J078,Data Engineer Intern,PipeLake Data,Kuala Lumpur,Hybrid,Software Engineering Intern,2026-05-07,LinkedIn,data cleaning,Technical/Tool
J078,Data Engineer Intern,PipeLake Data,Kuala Lumpur,Hybrid,Software Engineering Intern,2026-05-07,LinkedIn,documentation,Soft Skill
J078,Data Engineer Intern,PipeLake Data,Kuala Lumpur,Hybrid,Software Engineering Intern,2026-05-07,LinkedIn,problem solving,Soft Skill
J078,Data Engineer Intern,PipeLake Data,Kuala Lumpur,Hybrid,Software Engineering Intern,2026-05-07,LinkedIn,teamwork,Soft Skill
J079,Analytics Engineer Intern,MetricStack,Remote Malaysia,Remote,Software Engineering Intern,2026-05-06,Wellfound,Git,Technical/Tool
J079,Analytics Engineer Intern,MetricStack,Remote Malaysia,Remote,Software Engineering Intern,2026-05-06,Wellfound,GitHub,Technical/Tool
J079,Analytics Engineer Intern,MetricStack,Remote Malaysia,Remote,Software Engineering Intern,2026-05-06,Wellfound,SQL,Technical/Tool
J079,Analytics Engineer Intern,MetricStack,Remote Malaysia,Remote,Software Engineering Intern,2026-05-06,Wellfound,Tableau,Technical/Tool
J079,Analytics Engineer Intern,MetricStack,Remote Malaysia,Remote,Software Engineering Intern,2026-05-06,Wellfound,dashboard,Technical/Tool
J079,Analytics Engineer Intern,MetricStack,Remote Malaysia,Remote,Software Engineering Intern,2026-05-06,Wellfound,data cleaning,Technical/Tool
J079,Analytics Engineer Intern,MetricStack,Remote Malaysia,Remote,Software Engineering Intern,2026-05-06,Wellfound,reporting,Technical/Tool
J079,Analytics Engineer Intern,MetricStack,Remote Malaysia,Remote,Software Engineering Intern,2026-05-06,Wellfound,analytical thinking,Soft Skill
J079,Analytics Engineer Intern,MetricStack,Remote Malaysia,Remote,Software Engineering Intern,2026-05-06,Wellfound,documentation,Soft Skill
J079,Analytics Engineer Intern,MetricStack,Remote Malaysia,Remote,Software Engineering Intern,2026-05-06,Wellfound,teamwork,Soft Skill
J080,Cloud Data Intern,SkyTable,Singapore,Hybrid,Software Engineering Intern,2026-05-05,Company Careers,AWS,Technical/Tool
J080,Cloud Data Intern,SkyTable,Singapore,Hybrid,Software Engineering Intern,2026-05-05,Company Careers,Docker,Technical/Tool
J080,Cloud Data Intern,SkyTable,Singapore,Hybrid,Software Engineering Intern,2026-05-05,Company Careers,Python,Technical/Tool
J080,Cloud Data Intern,SkyTable,Singapore,Hybrid,Software Engineering Intern,2026-05-05,Company Careers,SQL,Technical/Tool
J080,Cloud Data Intern,SkyTable,Singapore,Hybrid,Software Engineering Intern,2026-05-05,Company Careers,communication,Soft Skill
J080,Cloud Data Intern,SkyTable,Singapore,Hybrid,Software Engineering Intern,2026-05-05,Company Careers,documentation,Soft Skill
J080,Cloud Data Intern,SkyTable,Singapore,Hybrid,Software Engineering Intern,2026-05-05,Company Careers,problem solving,Soft Skill
J081,Application Support Intern,AppCare Digital,Johor Bahru,On-site,Information Systems Intern,2026-05-04,Indeed,CRM,Technical/Tool
J081,Application Support Intern,AppCare Digital,Johor Bahru,On-site,Information Systems Intern,2026-05-04,Indeed,Excel,Technical/Tool
J081,Application Support Intern,AppCare Digital,Johor Bahru,On-site,Information Systems Intern,2026-05-04,Indeed,IT documentation,Technical/Tool
J081,Application Support Intern,AppCare Digital,Johor Bahru,On-site,Information Systems Intern,2026-05-04,Indeed,UAT,Technical/Tool
J081,Application Support Intern,AppCare Digital,Johor Bahru,On-site,Information Systems Intern,2026-05-04,Indeed,system analysis,Technical/Tool
J081,Application Support Intern,AppCare Digital,Johor Bahru,On-site,Information Systems Intern,2026-05-04,Indeed,troubleshooting,Technical/Tool
J081,Application Support Intern,AppCare Digital,Johor Bahru,On-site,Information Systems Intern,2026-05-04,Indeed,communication,Soft Skill
J081,Application Support Intern,AppCare Digital,Johor Bahru,On-site,Information Systems Intern,2026-05-04,Indeed,documentation,Soft Skill
J081,Application Support Intern,AppCare Digital,Johor Bahru,On-site,Information Systems Intern,2026-05-04,Indeed,problem solving,Soft Skill
J081,Application Support Intern,AppCare Digital,Johor Bahru,On-site,Information Systems Intern,2026-05-04,Indeed,stakeholder management,Soft Skill
J082,Implementation Consultant Intern,DeployMate,Kuala Lumpur,Hybrid,Information Systems Intern,2026-05-03,LinkedIn,CRM,Technical/Tool
J082,Implementation Consultant Intern,DeployMate,Kuala Lumpur,Hybrid,Information Systems Intern,2026-05-03,LinkedIn,Excel,Technical/Tool
J082,Implementation Consultant Intern,DeployMate,Kuala Lumpur,Hybrid,Information Systems Intern,2026-05-03,LinkedIn,UAT,Technical/Tool
J082,Implementation Consultant Intern,DeployMate,Kuala Lumpur,Hybrid,Information Systems Intern,2026-05-03,LinkedIn,business process,Technical/Tool
J082,Implementation Consultant Intern,DeployMate,Kuala Lumpur,Hybrid,Information Systems Intern,2026-05-03,LinkedIn,requirements analysis,Technical/Tool
J082,Implementation Consultant Intern,DeployMate,Kuala Lumpur,Hybrid,Information Systems Intern,2026-05-03,LinkedIn,communication,Soft Skill
J082,Implementation Consultant Intern,DeployMate,Kuala Lumpur,Hybrid,Information Systems Intern,2026-05-03,LinkedIn,documentation,Soft Skill
J082,Implementation Consultant Intern,DeployMate,Kuala Lumpur,Hybrid,Information Systems Intern,2026-05-03,LinkedIn,presentation,Soft Skill
J082,Implementation Consultant Intern,DeployMate,Kuala Lumpur,Hybrid,Information Systems Intern,2026-05-03,LinkedIn,stakeholder management,Soft Skill
J083,Product Design Intern,NaviPay,Remote Malaysia,Remote,Multimedia / UIUX Intern,2026-05-02,Company Careers,Figma,Technical/Tool
J083,Product Design Intern,NaviPay,Remote Malaysia,Remote,Multimedia / UIUX Intern,2026-05-02,Company Careers,UI/UX design,Technical/Tool
J083,Product Design Intern,NaviPay,Remote Malaysia,Remote,Multimedia / UIUX Intern,2026-05-02,Company Careers,prototyping,Technical/Tool
J083,Product Design Intern,NaviPay,Remote Malaysia,Remote,Multimedia / UIUX Intern,2026-05-02,Company Careers,wireframing,Technical/Tool
J083,Product Design Intern,NaviPay,Remote Malaysia,Remote,Multimedia / UIUX Intern,2026-05-02,Company Careers,analytical thinking,Soft Skill
J083,Product Design Intern,NaviPay,Remote Malaysia,Remote,Multimedia / UIUX Intern,2026-05-02,Company Careers,communication,Soft Skill
J083,Product Design Intern,NaviPay,Remote Malaysia,Remote,Multimedia / UIUX Intern,2026-05-02,Company Careers,presentation,Soft Skill
J083,Product Design Intern,NaviPay,Remote Malaysia,Remote,Multimedia / UIUX Intern,2026-05-02,Company Careers,stakeholder management,Soft Skill
J084,Creative Technology Intern,MuseInteractive,Kuala Lumpur,Hybrid,Multimedia / UIUX Intern,2026-05-01,Wellfound,Adobe Premiere Pro,Technical/Tool
J084,Creative Technology Intern,MuseInteractive,Kuala Lumpur,Hybrid,Multimedia / UIUX Intern,2026-05-01,Wellfound,Figma,Technical/Tool
J084,Creative Technology Intern,MuseInteractive,Kuala Lumpur,Hybrid,Multimedia / UIUX Intern,2026-05-01,Wellfound,HTML/CSS,Technical/Tool
J084,Creative Technology Intern,MuseInteractive,Kuala Lumpur,Hybrid,Multimedia / UIUX Intern,2026-05-01,Wellfound,JavaScript,Technical/Tool
J084,Creative Technology Intern,MuseInteractive,Kuala Lumpur,Hybrid,Multimedia / UIUX Intern,2026-05-01,Wellfound,UI/UX design,Technical/Tool
J084,Creative Technology Intern,MuseInteractive,Kuala Lumpur,Hybrid,Multimedia / UIUX Intern,2026-05-01,Wellfound,motion graphics,Technical/Tool
J084,Creative Technology Intern,MuseInteractive,Kuala Lumpur,Hybrid,Multimedia / UIUX Intern,2026-05-01,Wellfound,communication,Soft Skill
J084,Creative Technology Intern,MuseInteractive,Kuala Lumpur,Hybrid,Multimedia / UIUX Intern,2026-05-01,Wellfound,teamwork,Soft Skill
J085,Software Engineer Intern,FinApp Labs,Singapore,Hybrid,Software Engineering Intern,2026-04-30,LinkedIn,Git,Technical/Tool
J085,Software Engineer Intern,FinApp Labs,Singapore,Hybrid,Software Engineering Intern,2026-04-30,LinkedIn,GitHub,Technical/Tool
J085,Software Engineer Intern,FinApp Labs,Singapore,Hybrid,Software Engineering Intern,2026-04-30,LinkedIn,Java,Technical/Tool
J085,Software Engineer Intern,FinApp Labs,Singapore,Hybrid,Software Engineering Intern,2026-04-30,LinkedIn,OOP,Technical/Tool
J085,Software Engineer Intern,FinApp Labs,Singapore,Hybrid,Software Engineering Intern,2026-04-30,LinkedIn,REST API,Technical/Tool
J085,Software Engineer Intern,FinApp Labs,Singapore,Hybrid,Software Engineering Intern,2026-04-30,LinkedIn,software testing,Technical/Tool
J085,Software Engineer Intern,FinApp Labs,Singapore,Hybrid,Software Engineering Intern,2026-04-30,LinkedIn,documentation,Soft Skill
J085,Software Engineer Intern,FinApp Labs,Singapore,Hybrid,Software Engineering Intern,2026-04-30,LinkedIn,problem solving,Soft Skill
J085,Software Engineer Intern,FinApp Labs,Singapore,Hybrid,Software Engineering Intern,2026-04-30,LinkedIn,teamwork,Soft Skill
J086,Web Developer Intern,EduPortal,Remote Malaysia,Remote,Software Engineering Intern,2026-04-29,Company Careers,GitHub,Technical/Tool
J086,Web Developer Intern,EduPortal,Remote Malaysia,Remote,Software Engineering Intern,2026-04-29,Company Careers,HTML/CSS,Technical/Tool
J086,Web Developer Intern,EduPortal,Remote Malaysia,Remote,Software Engineering Intern,2026-04-29,Company Careers,JavaScript,Technical/Tool
J086,Web Developer Intern,EduPortal,Remote Malaysia,Remote,Software Engineering Intern,2026-04-29,Company Careers,REST API,Technical/Tool
J086,Web Developer Intern,EduPortal,Remote Malaysia,Remote,Software Engineering Intern,2026-04-29,Company Careers,React,Technical/Tool
J086,Web Developer Intern,EduPortal,Remote Malaysia,Remote,Software Engineering Intern,2026-04-29,Company Careers,communication,Soft Skill
J086,Web Developer Intern,EduPortal,Remote Malaysia,Remote,Software Engineering Intern,2026-04-29,Company Careers,problem solving,Soft Skill
J086,Web Developer Intern,EduPortal,Remote Malaysia,Remote,Software Engineering Intern,2026-04-29,Company Careers,teamwork,Soft Skill
J087,Data Analyst Intern,TalentGrid,Kuala Lumpur,Hybrid,Data Analyst Intern,2026-04-28,Indeed,Excel,Technical/Tool
J087,Data Analyst Intern,TalentGrid,Kuala Lumpur,Hybrid,Data Analyst Intern,2026-04-28,Indeed,SQL,Technical/Tool
J087,Data Analyst Intern,TalentGrid,Kuala Lumpur,Hybrid,Data Analyst Intern,2026-04-28,Indeed,Tableau,Technical/Tool
J087,Data Analyst Intern,TalentGrid,Kuala Lumpur,Hybrid,Data Analyst Intern,2026-04-28,Indeed,dashboard,Technical/Tool
J087,Data Analyst Intern,TalentGrid,Kuala Lumpur,Hybrid,Data Analyst Intern,2026-04-28,Indeed,data cleaning,Technical/Tool
J087,Data Analyst Intern,TalentGrid,Kuala Lumpur,Hybrid,Data Analyst Intern,2026-04-28,Indeed,reporting,Technical/Tool
J087,Data Analyst Intern,TalentGrid,Kuala Lumpur,Hybrid,Data Analyst Intern,2026-04-28,Indeed,analytical thinking,Soft Skill
J087,Data Analyst Intern,TalentGrid,Kuala Lumpur,Hybrid,Data Analyst Intern,2026-04-28,Indeed,communication,Soft Skill
J087,Data Analyst Intern,TalentGrid,Kuala Lumpur,Hybrid,Data Analyst Intern,2026-04-28,Indeed,documentation,Soft Skill
J088,Business Analyst Intern,ClinicSoft,Penang,On-site,Business Analyst Intern,2026-04-27,LinkedIn,Excel,Technical/Tool
J088,Business Analyst Intern,ClinicSoft,Penang,On-site,Business Analyst Intern,2026-04-27,LinkedIn,Power BI,Technical/Tool
J088,Business Analyst Intern,ClinicSoft,Penang,On-site,Business Analyst Intern,2026-04-27,LinkedIn,UAT,Technical/Tool
J088,Business Analyst Intern,ClinicSoft,Penang,On-site,Business Analyst Intern,2026-04-27,LinkedIn,business process,Technical/Tool
J088,Business Analyst Intern,ClinicSoft,Penang,On-site,Business Analyst Intern,2026-04-27,LinkedIn,dashboard,Technical/Tool
J088,Business Analyst Intern,ClinicSoft,Penang,On-site,Business Analyst Intern,2026-04-27,LinkedIn,requirements analysis,Technical/Tool
J088,Business Analyst Intern,ClinicSoft,Penang,On-site,Business Analyst Intern,2026-04-27,LinkedIn,communication,Soft Skill
J088,Business Analyst Intern,ClinicSoft,Penang,On-site,Business Analyst Intern,2026-04-27,LinkedIn,presentation,Soft Skill
J088,Business Analyst Intern,ClinicSoft,Penang,On-site,Business Analyst Intern,2026-04-27,LinkedIn,stakeholder management,Soft Skill
J089,Product Analyst Intern,MealGo,Kuala Lumpur,Hybrid,Product Analyst Intern,2026-04-26,Wellfound,Excel,Technical/Tool
J089,Product Analyst Intern,MealGo,Kuala Lumpur,Hybrid,Product Analyst Intern,2026-04-26,Wellfound,Looker,Technical/Tool
J089,Product Analyst Intern,MealGo,Kuala Lumpur,Hybrid,Product Analyst Intern,2026-04-26,Wellfound,SQL,Technical/Tool
J089,Product Analyst Intern,MealGo,Kuala Lumpur,Hybrid,Product Analyst Intern,2026-04-26,Wellfound,dashboard,Technical/Tool
J089,Product Analyst Intern,MealGo,Kuala Lumpur,Hybrid,Product Analyst Intern,2026-04-26,Wellfound,data visualization,Technical/Tool
J089,Product Analyst Intern,MealGo,Kuala Lumpur,Hybrid,Product Analyst Intern,2026-04-26,Wellfound,reporting,Technical/Tool
J089,Product Analyst Intern,MealGo,Kuala Lumpur,Hybrid,Product Analyst Intern,2026-04-26,Wellfound,statistics,Technical/Tool
J089,Product Analyst Intern,MealGo,Kuala Lumpur,Hybrid,Product Analyst Intern,2026-04-26,Wellfound,analytical thinking,Soft Skill
J089,Product Analyst Intern,MealGo,Kuala Lumpur,Hybrid,Product Analyst Intern,2026-04-26,Wellfound,communication,Soft Skill
J089,Product Analyst Intern,MealGo,Kuala Lumpur,Hybrid,Product Analyst Intern,2026-04-26,Wellfound,presentation,Soft Skill
J090,Data Science Intern,SmartPrice,Remote Malaysia,Remote,Data Science Intern,2026-04-25,Company Careers,Python,Technical/Tool
J090,Data Science Intern,SmartPrice,Remote Malaysia,Remote,Data Science Intern,2026-04-25,Company Careers,data cleaning,Technical/Tool
J090,Data Science Intern,SmartPrice,Remote Malaysia,Remote,Data Science Intern,2026-04-25,Company Careers,machine learning,Technical/Tool
J090,Data Science Intern,SmartPrice,Remote Malaysia,Remote,Data Science Intern,2026-04-25,Company Careers,pandas,Technical/Tool
J090,Data Science Intern,SmartPrice,Remote Malaysia,Remote,Data Science Intern,2026-04-25,Company Careers,scikit-learn,Technical/Tool
J090,Data Science Intern,SmartPrice,Remote Malaysia,Remote,Data Science Intern,2026-04-25,Company Careers,statistics,Technical/Tool
J090,Data Science Intern,SmartPrice,Remote Malaysia,Remote,Data Science Intern,2026-04-25,Company Careers,analytical thinking,Soft Skill
J090,Data Science Intern,SmartPrice,Remote Malaysia,Remote,Data Science Intern,2026-04-25,Company Careers,communication,Soft Skill
J090,Data Science Intern,SmartPrice,Remote Malaysia,Remote,Data Science Intern,2026-04-25,Company Careers,documentation,Soft Skill
J091,AI Research Intern,VoiceSense,Kuala Lumpur,Hybrid,AI / Machine Learning Intern,2026-04-24,LinkedIn,NLP,Technical/Tool
J091,AI Research Intern,VoiceSense,Kuala Lumpur,Hybrid,AI / Machine Learning Intern,2026-04-24,LinkedIn,Python,Technical/Tool
J091,AI Research Intern,VoiceSense,Kuala Lumpur,Hybrid,AI / Machine Learning Intern,2026-04-24,LinkedIn,TensorFlow,Technical/Tool
J091,AI Research Intern,VoiceSense,Kuala Lumpur,Hybrid,AI / Machine Learning Intern,2026-04-24,LinkedIn,deep learning,Technical/Tool
J091,AI Research Intern,VoiceSense,Kuala Lumpur,Hybrid,AI / Machine Learning Intern,2026-04-24,LinkedIn,machine learning,Technical/Tool
J091,AI Research Intern,VoiceSense,Kuala Lumpur,Hybrid,AI / Machine Learning Intern,2026-04-24,LinkedIn,documentation,Soft Skill
J091,AI Research Intern,VoiceSense,Kuala Lumpur,Hybrid,AI / Machine Learning Intern,2026-04-24,LinkedIn,presentation,Soft Skill
J091,AI Research Intern,VoiceSense,Kuala Lumpur,Hybrid,AI / Machine Learning Intern,2026-04-24,LinkedIn,problem solving,Soft Skill
J092,Information Systems Intern,CampusERP,Remote Malaysia,Remote,Information Systems Intern,2026-04-23,Handshake,ERP,Technical/Tool
J092,Information Systems Intern,CampusERP,Remote Malaysia,Remote,Information Systems Intern,2026-04-23,Handshake,Excel,Technical/Tool
J092,Information Systems Intern,CampusERP,Remote Malaysia,Remote,Information Systems Intern,2026-04-23,Handshake,IT documentation,Technical/Tool
J092,Information Systems Intern,CampusERP,Remote Malaysia,Remote,Information Systems Intern,2026-04-23,Handshake,UAT,Technical/Tool
J092,Information Systems Intern,CampusERP,Remote Malaysia,Remote,Information Systems Intern,2026-04-23,Handshake,business process,Technical/Tool
J092,Information Systems Intern,CampusERP,Remote Malaysia,Remote,Information Systems Intern,2026-04-23,Handshake,requirements analysis,Technical/Tool
J092,Information Systems Intern,CampusERP,Remote Malaysia,Remote,Information Systems Intern,2026-04-23,Handshake,communication,Soft Skill
J092,Information Systems Intern,CampusERP,Remote Malaysia,Remote,Information Systems Intern,2026-04-23,Handshake,documentation,Soft Skill
J092,Information Systems Intern,CampusERP,Remote Malaysia,Remote,Information Systems Intern,2026-04-23,Handshake,stakeholder management,Soft Skill
J093,UI UX Research Intern,ShopVista,Petaling Jaya,Hybrid,Multimedia / UIUX Intern,2026-04-22,LinkedIn,Figma,Technical/Tool
J093,UI UX Research Intern,ShopVista,Petaling Jaya,Hybrid,Multimedia / UIUX Intern,2026-04-22,LinkedIn,UI/UX design,Technical/Tool
J093,UI UX Research Intern,ShopVista,Petaling Jaya,Hybrid,Multimedia / UIUX Intern,2026-04-22,LinkedIn,prototyping,Technical/Tool
J093,UI UX Research Intern,ShopVista,Petaling Jaya,Hybrid,Multimedia / UIUX Intern,2026-04-22,LinkedIn,wireframing,Technical/Tool
J093,UI UX Research Intern,ShopVista,Petaling Jaya,Hybrid,Multimedia / UIUX Intern,2026-04-22,LinkedIn,analytical thinking,Soft Skill
J093,UI UX Research Intern,ShopVista,Petaling Jaya,Hybrid,Multimedia / UIUX Intern,2026-04-22,LinkedIn,communication,Soft Skill
J093,UI UX Research Intern,ShopVista,Petaling Jaya,Hybrid,Multimedia / UIUX Intern,2026-04-22,LinkedIn,presentation,Soft Skill
J093,UI UX Research Intern,ShopVista,Petaling Jaya,Hybrid,Multimedia / UIUX Intern,2026-04-22,LinkedIn,stakeholder management,Soft Skill
J094,Cybersecurity Awareness Intern,PhishGuard,Kuala Lumpur,Hybrid,Cybersecurity / IT Intern,2026-04-21,Company Careers,Excel,Technical/Tool
J094,Cybersecurity Awareness Intern,PhishGuard,Kuala Lumpur,Hybrid,Cybersecurity / IT Intern,2026-04-21,Company Careers,Linux,Technical/Tool
J094,Cybersecurity Awareness Intern,PhishGuard,Kuala Lumpur,Hybrid,Cybersecurity / IT Intern,2026-04-21,Company Careers,cybersecurity,Technical/Tool
J094,Cybersecurity Awareness Intern,PhishGuard,Kuala Lumpur,Hybrid,Cybersecurity / IT Intern,2026-04-21,Company Careers,incident response,Technical/Tool
J094,Cybersecurity Awareness Intern,PhishGuard,Kuala Lumpur,Hybrid,Cybersecurity / IT Intern,2026-04-21,Company Careers,reporting,Technical/Tool
J094,Cybersecurity Awareness Intern,PhishGuard,Kuala Lumpur,Hybrid,Cybersecurity / IT Intern,2026-04-21,Company Careers,communication,Soft Skill
J094,Cybersecurity Awareness Intern,PhishGuard,Kuala Lumpur,Hybrid,Cybersecurity / IT Intern,2026-04-21,Company Careers,documentation,Soft Skill
J094,Cybersecurity Awareness Intern,PhishGuard,Kuala Lumpur,Hybrid,Cybersecurity / IT Intern,2026-04-21,Company Careers,presentation,Soft Skill
J094,Cybersecurity Awareness Intern,PhishGuard,Kuala Lumpur,Hybrid,Cybersecurity / IT Intern,2026-04-21,Company Careers,problem solving,Soft Skill
J095,Junior Software Developer Intern,GreenCode,Selangor,On-site,Software Engineering Intern,2026-04-20,Indeed,Git,Technical/Tool
J095,Junior Software Developer Intern,GreenCode,Selangor,On-site,Software Engineering Intern,2026-04-20,Indeed,JavaScript,Technical/Tool
J095,Junior Software Developer Intern,GreenCode,Selangor,On-site,Software Engineering Intern,2026-04-20,Indeed,MySQL,Technical/Tool
J095,Junior Software Developer Intern,GreenCode,Selangor,On-site,Software Engineering Intern,2026-04-20,Indeed,PHP,Technical/Tool
J095,Junior Software Developer Intern,GreenCode,Selangor,On-site,Software Engineering Intern,2026-04-20,Indeed,REST API,Technical/Tool
J095,Junior Software Developer Intern,GreenCode,Selangor,On-site,Software Engineering Intern,2026-04-20,Indeed,SQL,Technical/Tool
J095,Junior Software Developer Intern,GreenCode,Selangor,On-site,Software Engineering Intern,2026-04-20,Indeed,documentation,Soft Skill
J095,Junior Software Developer Intern,GreenCode,Selangor,On-site,Software Engineering Intern,2026-04-20,Indeed,problem solving,Soft Skill
J095,Junior Software Developer Intern,GreenCode,Selangor,On-site,Software Engineering Intern,2026-04-20,Indeed,teamwork,Soft Skill
